id,Category,occasion,ornamentation
25994,Kurtis,daily,default
26388,Kurtis,daily,default
26440,Kurtis,daily,default
27277,Kurtis,daily,default
27323,Kurtis,daily,default
27354,Kurtis,daily,default
27374,Kurtis,daily,default
28299,Kurtis,daily,net
27471,Kurtis,daily,net
25886,Kurtis,daily,net
25962,Kurtis,daily,net
26409,Kurtis,daily,net
26858,Kurtis,daily,net
26657,Kurtis,daily,net
27227,Kurtis,daily,net
27142,Kurtis,daily,net
26697,Kurtis,daily,net
26622,Kurtis,daily,net
26558,Kurtis,daily,net
27066,Kurtis,daily,net
26826,Kurtis,daily,net
26830,Kurtis,daily,net
27359,Kurtis,daily,net
27494,Kurtis,daily,net
27295,Kurtis,daily,net
26863,Kurtis,daily,net
27333,Kurtis,daily,net
26811,Kurtis,daily,net
26705,Kurtis,daily,net
26851,Kurtis,daily,net
25906,Kurtis,daily,net
27168,Kurtis,daily,net
26169,Kurtis,daily,net
25866,Kurtis,daily,net
26558,Kurtis,daily,net
27349,Kurtis,daily,net
27545,Kurtis,daily,net
25962,Kurtis,daily,net
27349,Kurtis,daily,net
27703,Kurtis,daily,net
26851,Kurtis,daily,net
27227,Kurtis,daily,net
27471,Kurtis,daily,net
26834,Kurtis,daily,net
27175,Kurtis,daily,net
27101,Kurtis,daily,net
27306,Kurtis,daily,net
27545,Kurtis,daily,net
26826,Kurtis,daily,net
26408,Kurtis,daily,net
26888,Kurtis,daily,net
26665,Kurtis,daily,net
26015,Kurtis,daily,net
27722,Kurtis,daily,net
26743,Kurtis,daily,net
26308,Kurtis,daily,net
27482,Kurtis,daily,net
26789,Kurtis,daily,net
27524,Kurtis,daily,net
26804,Kurtis,daily,net
27147,Kurtis,daily,net
26766,Kurtis,daily,net
27198,Kurtis,daily,net
27159,Kurtis,daily,net
26830,Kurtis,daily,net
26458,Kurtis,daily,net
26622,Kurtis,daily,net
27545,Kurtis,daily,net
26537,Kurtis,daily,net
27216,Kurtis,daily,net
26241,Kurtis,daily,net
27194,Kurtis,daily,net
26170,Kurtis,daily,net
26821,Kurtis,daily,net
26697,Kurtis,daily,net
27133,Kurtis,daily,net
27356,Kurtis,daily,net
27171,Kurtis,daily,net
27674,Kurtis,daily,net
26770,Kurtis,daily,net
27215,Kurtis,daily,net
25906,Kurtis,daily,net
27226,Kurtis,daily,net
27161,Kurtis,daily,net
26830,Kurtis,daily,net
26889,Kurtis,daily,net
26705,Kurtis,daily,net
26772,Kurtis,daily,net
27750,Kurtis,daily,net
27650,Kurtis,daily,net
26709,Kurtis,daily,net
27147,Kurtis,daily,net
26700,Kurtis,daily,net
27299,Kurtis,daily,net
27066,Kurtis,daily,net
26700,Kurtis,daily,net
27203,Kurtis,daily,net
27003,Kurtis,daily,net
26889,Kurtis,daily,net
26925,Kurtis,daily,net
27653,Kurtis,daily,net
26799,Kurtis,daily,net
26099,Kurtis,daily,net
27039,Kurtis,daily,net
26665,Kurtis,daily,net
26644,Kurtis,daily,net
27640,Kurtis,daily,net
27442,Kurtis,daily,net
26769,Kurtis,daily,net
27388,Kurtis,daily,net
25892,Kurtis,daily,net
26015,Kurtis,daily,net
27197,Kurtis,daily,net
27528,Kurtis,daily,net
26700,Kurtis,daily,net
27215,Kurtis,daily,net
26767,Kurtis,daily,net
26851,Kurtis,daily,net
27765,Kurtis,daily,net
27765,Kurtis,daily,net
25925,Kurtis,daily,net
26537,Kurtis,daily,net
26890,Kurtis,daily,net
27524,Kurtis,daily,net
26882,Kurtis,daily,net
26772,Kurtis,daily,net
27171,Kurtis,daily,net
27382,Kurtis,daily,net
26772,Kurtis,daily,net
26945,Kurtis,daily,net
26837,Kurtis,daily,net
27387,Kurtis,daily,net
27175,Kurtis,daily,net
26790,Kurtis,daily,net
27195,Kurtis,daily,net
25842,Kurtis,daily,net
27066,Kurtis,daily,net
26865,Kurtis,daily,net
27179,Kurtis,daily,net
27709,Kurtis,daily,net
27359,Kurtis,daily,net
27533,Kurtis,daily,net
27438,Kurtis,daily,net
27718,Kurtis,daily,net
26964,Kurtis,daily,net
27308,Kurtis,daily,net
26834,Kurtis,daily,net
27388,Kurtis,daily,net
27359,Kurtis,daily,net
26799,Kurtis,daily,net
26890,Kurtis,daily,net
27653,Kurtis,daily,net
27232,Kurtis,daily,net
26235,Kurtis,daily,net
27482,Kurtis,daily,net
26858,Kurtis,daily,net
26695,Kurtis,daily,net
27168,Kurtis,daily,net
27299,Kurtis,daily,net
27123,Kurtis,daily,net
27653,Kurtis,daily,net
27482,Kurtis,daily,net
25866,Kurtis,daily,net
27494,Kurtis,daily,net
26665,Kurtis,daily,net
26788,Kurtis,daily,net
27273,Kurtis,daily,net
26821,Kurtis,daily,net
26241,Kurtis,daily,net
26233,Kurtis,daily,net
27718,Kurtis,daily,net
26240,Kurtis,daily,net
27194,Kurtis,daily,net
26754,Kurtis,daily,net
26879,Kurtis,daily,net
25959,Kurtis,daily,net
26409,Kurtis,daily,net
26752,Kurtis,daily,net
26308,Kurtis,daily,net
26766,Kurtis,daily,net
26932,Kurtis,daily,net
26921,Kurtis,daily,net
26239,Kurtis,daily,net
27709,Kurtis,daily,net
27674,Kurtis,daily,net
27524,Kurtis,daily,net
27755,Kurtis,daily,net
27703,Kurtis,daily,net
27306,Kurtis,daily,net
26243,Kurtis,daily,net
27232,Kurtis,daily,net
26785,Kurtis,daily,net
26889,Kurtis,daily,net
27533,Kurtis,daily,net
26787,Kurtis,daily,net
27172,Kurtis,daily,net
26834,Kurtis,daily,net
26409,Kurtis,daily,net
27172,Kurtis,daily,net
26765,Kurtis,daily,net
26236,Kurtis,daily,net
26947,Kurtis,daily,net
27147,Kurtis,daily,net
27273,Kurtis,daily,net
27436,Kurtis,daily,net
26866,Kurtis,daily,net
27387,Kurtis,daily,net
26866,Kurtis,daily,net
26887,Kurtis,daily,net
25886,Kurtis,daily,net
27382,Kurtis,daily,net
26945,Kurtis,daily,net
26754,Kurtis,daily,net
26772,Kurtis,daily,net
26408,Kurtis,daily,net
26660,Kurtis,daily,net
27168,Kurtis,daily,net
27194,Kurtis,daily,net
26809,Kurtis,daily,net
27159,Kurtis,daily,net
27281,Kurtis,daily,net
27524,Kurtis,daily,net
26234,Kurtis,daily,net
27172,Kurtis,daily,net
27308,Kurtis,daily,net
27705,Kurtis,daily,net
27650,Kurtis,daily,net
26320,Kurtis,daily,net
27218,Kurtis,daily,net
27494,Kurtis,daily,net
26771,Kurtis,daily,net
26837,Kurtis,daily,net
25886,Kurtis,daily,net
27359,Kurtis,daily,net
27653,Kurtis,daily,net
27704,Kurtis,daily,net
26787,Kurtis,daily,net
26752,Kurtis,daily,net
26709,Kurtis,daily,net
26830,Kurtis,daily,net
26587,Kurtis,daily,net
26022,Kurtis,daily,net
27177,Kurtis,daily,net
26697,Kurtis,daily,net
27232,Kurtis,daily,net
26846,Kurtis,daily,net
26890,Kurtis,daily,net
26764,Kurtis,daily,net
26242,Kurtis,daily,net
26099,Kurtis,daily,net
27704,Kurtis,daily,net
25892,Kurtis,daily,net
26943,Kurtis,daily,net
26964,Kurtis,daily,net
27680,Kurtis,daily,net
26233,Kurtis,daily,net
26865,Kurtis,daily,net
27356,Kurtis,daily,net
27195,Kurtis,daily,net
26664,Kurtis,daily,net
26240,Kurtis,daily,net
27333,Kurtis,daily,net
26771,Kurtis,daily,net
27382,Kurtis,daily,net
26846,Kurtis,daily,net
27214,Kurtis,daily,net
27671,Kurtis,daily,net
26684,Kurtis,daily,net
27066,Kurtis,daily,net
26786,Kurtis,daily,net
26584,Kurtis,daily,net
26700,Kurtis,daily,net
26691,Kurtis,daily,net
26846,Kurtis,daily,net
26695,Kurtis,daily,net
26639,Kurtis,daily,net
27468,Kurtis,daily,net
27359,Kurtis,daily,net
26320,Kurtis,daily,net
27198,Kurtis,daily,net
26691,Kurtis,daily,net
26320,Kurtis,daily,net
26772,Kurtis,daily,net
26022,Kurtis,daily,net
26791,Kurtis,daily,net
27161,Kurtis,daily,net
26834,Kurtis,daily,net
26851,Kurtis,daily,net
27653,Kurtis,daily,net
27147,Kurtis,daily,net
26866,Kurtis,daily,net
25866,Kurtis,daily,net
26664,Kurtis,daily,net
26932,Kurtis,daily,net
27101,Kurtis,daily,net
26890,Kurtis,daily,net
27227,Kurtis,daily,net
26709,Kurtis,daily,net
27547,Kurtis,daily,net
26691,Kurtis,daily,net
26684,Kurtis,daily,net
26558,Kurtis,daily,net
26099,Kurtis,daily,net
26169,Kurtis,daily,net
27215,Kurtis,daily,net
27750,Kurtis,daily,net
26205,Kurtis,daily,net
26239,Kurtis,daily,net
27295,Kurtis,daily,net
26890,Kurtis,daily,net
26690,Kurtis,daily,net
26696,Kurtis,daily,net
27234,Kurtis,daily,net
27416,Kurtis,daily,net
26853,Kurtis,daily,net
26648,Kurtis,daily,net
26699,Kurtis,daily,net
27167,Kurtis,daily,net
27759,Kurtis,daily,net
26206,Kurtis,daily,net
26694,Kurtis,daily,net
27520,Kurtis,daily,net
27342,Kurtis,daily,net
27193,Kurtis,daily,net
27065,Kurtis,daily,net
27473,Kurtis,daily,net
26855,Kurtis,daily,net
27431,Kurtis,daily,net
27384,Kurtis,daily,net
27473,Kurtis,daily,net
26171,Kurtis,daily,net
26023,Kurtis,daily,net
27100,Kurtis,daily,net
26300,Kurtis,daily,net
27411,Kurtis,daily,net
26859,Kurtis,daily,net
26856,Kurtis,daily,net
27170,Kurtis,daily,net
26707,Kurtis,daily,net
27741,Kurtis,daily,net
25843,Kurtis,daily,net
25896,Kurtis,daily,net
27037,Kurtis,daily,net
26171,Kurtis,daily,net
26859,Kurtis,daily,net
26206,Kurtis,daily,net
26648,Kurtis,daily,net
26792,Kurtis,daily,net
26915,Kurtis,daily,net
27520,Kurtis,daily,net
26924,Kurtis,daily,net
25896,Kurtis,daily,net
27543,Kurtis,daily,net
26827,Kurtis,daily,net
25840,Kurtis,daily,net
26848,Kurtis,daily,net
27192,Kurtis,daily,net
26171,Kurtis,daily,net
26180,Kurtis,daily,net
27297,Kurtis,daily,net
26915,Kurtis,daily,net
26924,Kurtis,daily,net
26836,Kurtis,daily,net
26840,Kurtis,daily,net
27633,Kurtis,daily,net
27384,Kurtis,daily,net
26827,Kurtis,daily,net
27319,Kurtis,daily,net
27229,Kurtis,daily,net
27773,Kurtis,daily,net
26208,Kurtis,daily,net
26801,Kurtis,daily,net
26919,Kurtis,daily,net
27065,Kurtis,daily,net
27505,Kurtis,daily,net
27342,Kurtis,daily,net
27297,Kurtis,daily,net
27527,Kurtis,daily,net
26180,Kurtis,daily,net
27741,Kurtis,daily,net
26696,Kurtis,daily,net
27397,Kurtis,daily,net
27358,Kurtis,daily,net
26406,Kurtis,daily,net
27431,Kurtis,daily,net
27546,Kurtis,daily,net
27472,Kurtis,daily,net
27358,Kurtis,daily,net
27712,Kurtis,daily,net
27297,Kurtis,daily,net
27543,Kurtis,daily,net
26919,Kurtis,daily,net
27441,Kurtis,daily,net
26573,Kurtis,daily,net
27679,Kurtis,daily,net
26573,Kurtis,daily,net
27752,Kurtis,daily,net
27279,Kurtis,daily,net
27231,Kurtis,daily,net
26638,Kurtis,daily,net
27234,Kurtis,daily,net
27711,Kurtis,daily,net
26017,Kurtis,daily,net
26856,Kurtis,daily,net
27711,Kurtis,daily,net
27180,Kurtis,daily,net
26126,Kurtis,daily,net
27178,Kurtis,daily,net
27584,Kurtis,daily,net
27170,Kurtis,daily,net
26704,Kurtis,daily,net
25927,Kurtis,daily,net
26836,Kurtis,daily,net
27741,Kurtis,daily,net
26941,Kurtis,daily,net
27543,Kurtis,daily,net
27309,Kurtis,daily,net
27411,Kurtis,daily,net
26917,Kurtis,daily,net
26796,Kurtis,daily,net
27555,Kurtis,daily,net
26915,Kurtis,daily,net
27520,Kurtis,daily,net
27234,Kurtis,daily,net
27759,Kurtis,daily,net
27532,Kurtis,daily,net
27193,Kurtis,daily,net
27632,Kurtis,daily,net
26933,Kurtis,daily,net
25927,Kurtis,daily,net
25840,Kurtis,daily,net
26983,Kurtis,daily,net
26801,Kurtis,daily,net
26699,Kurtis,daily,net
27543,Kurtis,daily,net
27178,Kurtis,daily,net
26226,Kurtis,daily,net
27431,Kurtis,daily,net
26180,Kurtis,daily,net
27411,Kurtis,daily,net
26573,Kurtis,daily,net
27773,Kurtis,daily,net
26126,Kurtis,daily,net
26648,Kurtis,daily,net
26983,Kurtis,daily,net
26919,Kurtis,daily,net
26917,Kurtis,daily,net
26797,Kurtis,daily,net
26836,Kurtis,daily,net
27543,Kurtis,daily,net
27521,Kurtis,daily,net
26573,Kurtis,daily,net
25960,Kurtis,daily,net
26648,Kurtis,daily,net
27712,Kurtis,daily,net
27310,Kurtis,daily,net
26653,Kurtis,daily,net
27279,Kurtis,daily,net
26729,Kurtis,daily,net
26171,Kurtis,daily,net
26836,Kurtis,daily,net
25912,Kurtis,daily,net
26917,Kurtis,daily,net
27505,Kurtis,daily,net
26182,Kurtis,daily,net
27741,Kurtis,daily,net
27759,Kurtis,daily,net
27632,Kurtis,daily,net
25923,Kurtis,daily,net
26648,Kurtis,daily,net
27383,Kurtis,daily,net
27310,Kurtis,daily,net
27180,Kurtis,daily,net
26924,Kurtis,daily,net
26848,Kurtis,daily,net
27772,Kurtis,daily,net
26208,Kurtis,daily,net
26919,Kurtis,daily,net
27559,Kurtis,daily,net
27170,Kurtis,daily,net
26126,Kurtis,daily,net
27231,Kurtis,daily,net
26690,Kurtis,daily,net
26933,Kurtis,daily,net
26796,Kurtis,daily,net
26801,Kurtis,daily,net
27773,Kurtis,daily,net
27772,Kurtis,daily,net
27525,Kurtis,daily,net
27555,Kurtis,daily,net
27529,Kurtis,daily,net
27193,Kurtis,daily,net
26792,Kurtis,daily,net
26840,Kurtis,daily,net
27708,Kurtis,daily,net
27708,Kurtis,daily,net
27358,Kurtis,daily,net
26693,Kurtis,daily,net
26725,Kurtis,daily,net
26583,Kurtis,daily,net
26918,Kurtis,daily,net
27148,Kurtis,daily,net
26972,Kurtis,daily,net
26309,Kurtis,daily,net
26220,Kurtis,daily,net
27132,Kurtis,daily,net
26392,Kurtis,daily,net
26309,Kurtis,daily,net
26582,Kurtis,daily,net
26808,Kurtis,daily,net
27211,Kurtis,daily,net
27339,Kurtis,daily,net
26725,Kurtis,daily,net
27038,Kurtis,daily,net
26582,Kurtis,daily,net
25958,Kurtis,daily,net
26808,Kurtis,daily,net
27265,Kurtis,daily,net
27519,Kurtis,daily,net
27176,Kurtis,daily,net
26825,Kurtis,daily,net
27548,Kurtis,daily,net
26307,Kurtis,daily,net
27038,Kurtis,daily,net
27587,Kurtis,daily,net
26583,Kurtis,daily,net
27038,Kurtis,daily,net
27217,Kurtis,daily,net
26708,Kurtis,daily,net
26744,Kurtis,daily,net
26946,Kurtis,daily,net
26049,Kurtis,daily,net
27775,Kurtis,daily,net
26049,Kurtis,daily,net
27072,Kurtis,daily,net
27223,Kurtis,daily,net
26686,Kurtis,daily,net
26727,Kurtis,daily,net
26645,Kurtis,daily,net
27509,Kurtis,daily,net
27223,Kurtis,daily,net
27651,Kurtis,daily,net
27072,Kurtis,daily,net
27217,Kurtis,daily,net
27132,Kurtis,daily,net
27578,Kurtis,daily,net
26833,Kurtis,daily,net
26728,Kurtis,daily,net
27305,Kurtis,daily,net
27124,Kurtis,daily,net
26273,Kurtis,daily,net
27474,Kurtis,daily,net
27580,Kurtis,daily,net
26918,Kurtis,daily,net
25958,Kurtis,daily,net
27300,Kurtis,daily,net
26803,Kurtis,daily,net
27578,Kurtis,daily,net
27474,Kurtis,daily,net
27188,Kurtis,daily,net
26698,Kurtis,daily,net
27509,Kurtis,daily,net
27586,Kurtis,daily,net
27591,Kurtis,daily,net
27509,Kurtis,daily,net
26861,Kurtis,daily,net
27580,Kurtis,daily,net
27675,Kurtis,daily,net
27439,Kurtis,daily,net
27775,Kurtis,daily,net
26536,Kurtis,daily,net
26728,Kurtis,daily,net
26884,Kurtis,daily,net
26438,Kurtis,daily,net
27223,Kurtis,daily,net
26784,Kurtis,daily,net
27132,Kurtis,daily,net
26805,Kurtis,daily,net
25961,Kurtis,daily,net
25928,Kurtis,daily,net
25926,Kurtis,daily,net
26645,Kurtis,daily,net
26392,Kurtis,daily,net
26725,Kurtis,daily,net
26407,Kurtis,daily,net
26816,Kurtis,daily,net
27213,Kurtis,daily,net
26725,Kurtis,daily,net
27004,Kurtis,daily,net
26806,Kurtis,daily,net
27403,Kurtis,daily,net
26861,Kurtis,daily,net
27339,Kurtis,daily,net
26392,Kurtis,daily,net
27403,Kurtis,daily,net
26825,Kurtis,daily,net
27166,Kurtis,daily,net
27775,Kurtis,daily,net
26392,Kurtis,daily,net
26816,Kurtis,daily,net
26123,Kurtis,daily,net
26728,Kurtis,daily,net
26728,Kurtis,daily,net
26850,Kurtis,daily,net
27476,Kurtis,daily,net
26946,Kurtis,daily,net
27300,Kurtis,daily,net
26886,Kurtis,daily,net
26651,Kurtis,daily,net
27272,Kurtis,daily,net
27331,Kurtis,daily,net
26210,Kurtis,daily,net
25841,Kurtis,daily,net
26016,Kurtis,daily,net
26598,Kurtis,daily,net
26222,Kurtis,daily,net
26849,Kurtis,daily,net
27300,Kurtis,daily,net
25898,Kurtis,daily,net
27439,Kurtis,daily,net
27132,Kurtis,daily,net
27230,Kurtis,daily,net
26744,Kurtis,daily,net
25845,Kurtis,daily,net
27586,Kurtis,daily,net
26886,Kurtis,daily,net
26884,Kurtis,daily,net
27272,Kurtis,daily,net
26645,Kurtis,daily,net
27072,Kurtis,daily,net
26916,Kurtis,daily,net
27651,Kurtis,daily,net
26392,Kurtis,daily,net
26825,Kurtis,daily,net
26833,Kurtis,daily,net
26805,Kurtis,daily,net
26849,Kurtis,daily,net
26862,Kurtis,daily,net
26702,Kurtis,daily,net
26886,Kurtis,daily,net
26708,Kurtis,daily,net
27148,Kurtis,daily,net
27474,Kurtis,daily,net
26810,Kurtis,daily,net
26833,Kurtis,daily,net
26860,Kurtis,daily,net
26588,Kurtis,daily,net
26708,Kurtis,daily,net
27211,Kurtis,daily,net
27339,Kurtis,daily,net
26309,Kurtis,daily,net
25898,Kurtis,daily,net
27072,Kurtis,daily,net
27331,Kurtis,daily,net
26588,Kurtis,daily,net
27322,Kurtis,daily,net
27656,Kurtis,daily,net
26210,Kurtis,daily,net
26016,Kurtis,daily,net
26946,Kurtis,daily,net
26841,Kurtis,daily,net
27176,Kurtis,daily,net
26849,Kurtis,daily,net
27492,Kurtis,daily,net
27754,Kurtis,daily,net
26725,Kurtis,daily,net
26885,Kurtis,daily,net
26645,Kurtis,daily,net
27217,Kurtis,daily,net
26850,Kurtis,daily,net
26918,Kurtis,daily,net
26934,Kurtis,daily,net
27004,Kurtis,daily,net
27550,Kurtis,daily,net
27519,Kurtis,daily,net
26808,Kurtis,daily,net
26204,Kurtis,daily,net
27560,Kurtis,daily,net
26582,Kurtis,daily,net
27322,Kurtis,daily,net
27439,Kurtis,daily,net
26636,Kurtis,daily,net
26810,Kurtis,daily,net
26849,Kurtis,daily,net
26783,Kurtis,daily,net
27493,Kurtis,daily,net
26726,Kurtis,daily,net
26818,Kurtis,daily,net
27067,Kurtis,daily,net
27103,Kurtis,daily,net
26794,Kurtis,daily,net
25893,Kurtis,daily,net
27174,Kurtis,daily,net
26701,Kurtis,daily,net
26948,Kurtis,daily,net
27499,Kurtis,daily,net
27398,Kurtis,daily,net
27557,Kurtis,daily,net
27434,Kurtis,daily,net
27434,Kurtis,daily,net
27398,Kurtis,daily,net
26931,Kurtis,daily,net
26914,Kurtis,daily,net
26783,Kurtis,daily,net
26868,Kurtis,daily,net
26637,Kurtis,daily,net
26272,Kurtis,daily,net
25929,Kurtis,daily,net
27502,Kurtis,daily,net
27125,Kurtis,daily,net
26820,Kurtis,daily,net
27122,Kurtis,daily,net
27285,Kurtis,daily,net
26814,Kurtis,daily,net
25893,Kurtis,daily,net
26231,Kurtis,daily,net
26857,Kurtis,daily,net
27381,Kurtis,daily,net
27758,Kurtis,daily,net
27512,Kurtis,daily,net
27747,Kurtis,daily,net
25894,Kurtis,daily,net
26867,Kurtis,daily,net
27125,Kurtis,daily,net
26984,Kurtis,daily,net
27512,Kurtis,daily,net
26749,Kurtis,daily,net
26782,Kurtis,daily,net
27002,Kurtis,daily,net
26295,Kurtis,daily,net
27751,Kurtis,daily,net
26597,Kurtis,daily,net
27163,Kurtis,daily,net
27285,Kurtis,daily,net
27434,Kurtis,daily,net
27585,Kurtis,daily,net
27585,Kurtis,daily,net
26794,Kurtis,daily,net
27224,Kurtis,daily,net
27224,Kurtis,daily,net
26820,Kurtis,daily,net
26868,Kurtis,daily,net
26814,Kurtis,daily,net
27467,Kurtis,daily,net
27561,Kurtis,daily,net
27418,Kurtis,daily,net
26637,Kurtis,daily,net
26867,Kurtis,daily,net
26948,Kurtis,daily,net
26794,Kurtis,daily,net
26745,Kurtis,daily,net
27285,Kurtis,daily,net
27414,Kurtis,daily,net
26652,Kurtis,daily,net
26370,Kurtis,daily,net
27246,Kurtis,daily,net
27253,Kurtis,daily,net
27307,Kurtis,daily,net
26074,Kurtis,daily,net
27758,Kurtis,daily,net
27644,Kurtis,daily,net
27448,Kurtis,daily,net
26914,Kurtis,daily,net
26271,Kurtis,daily,net
26125,Kurtis,daily,net
26914,Kurtis,daily,net
27557,Kurtis,daily,net
27432,Kurtis,daily,net
27103,Kurtis,daily,net
27646,Kurtis,daily,net
27221,Kurtis,daily,net
26783,Kurtis,daily,net
26864,Kurtis,daily,net
25893,Kurtis,daily,net
26412,Kurtis,daily,net
26663,Kurtis,daily,net
26749,Kurtis,daily,net
25963,Kurtis,daily,net
27163,Kurtis,daily,net
27467,Kurtis,daily,net
25839,Kurtis,daily,net
26231,Kurtis,daily,net
26807,Kurtis,daily,net
26838,Kurtis,daily,net
27418,Kurtis,daily,net
27307,Kurtis,daily,net
26783,Kurtis,daily,net
27585,Kurtis,daily,net
27286,Kurtis,daily,net
26794,Kurtis,daily,net
27554,Kurtis,daily,net
27526,Kurtis,daily,net
27253,Kurtis,daily,net
27512,Kurtis,daily,net
27187,Kurtis,daily,net
26297,Kurtis,daily,net
26948,Kurtis,daily,net
26820,Kurtis,daily,net
27557,Kurtis,daily,net
27131,Kurtis,daily,net
27418,Kurtis,daily,net
26437,Kurtis,daily,net
27036,Kurtis,daily,net
26227,Kurtis,daily,net
26794,Kurtis,daily,net
26125,Kurtis,daily,net
26783,Kurtis,daily,net
27163,Kurtis,daily,net
27435,Kurtis,daily,net
26926,Kurtis,daily,net
26272,Kurtis,daily,net
27253,Kurtis,daily,net
27098,Kurtis,daily,net
26370,Kurtis,daily,net
26867,Kurtis,daily,net
26666,Kurtis,daily,net
26405,Kurtis,daily,net
27418,Kurtis,daily,net
27169,Kurtis,daily,net
26847,Kurtis,daily,net
26869,Kurtis,daily,net
26782,Kurtis,daily,net
27747,Kurtis,daily,net
27067,Kurtis,daily,net
27224,Kurtis,daily,net
25909,Kurtis,daily,net
26165,Kurtis,daily,net
26857,Kurtis,daily,net
27418,Kurtis,daily,net
27414,Kurtis,daily,net
26726,Kurtis,daily,net
26984,Kurtis,daily,net
26231,Kurtis,daily,net
26914,Kurtis,daily,net
26370,Kurtis,daily,net
27165,Kurtis,daily,net
27645,Kurtis,daily,net
26984,Kurtis,daily,net
27163,Kurtis,daily,net
27646,Kurtis,daily,net
26798,Kurtis,daily,net
26225,Kurtis,daily,net
27747,Kurtis,daily,net
26663,Kurtis,daily,net
26926,Kurtis,daily,net
27253,Kurtis,daily,net
27515,Kurtis,daily,net
26412,Kurtis,daily,net
27263,Kurtis,daily,net
26795,Kurtis,daily,net
27348,Kurtis,daily,net
26723,Kurtis,daily,net
27294,Kurtis,daily,net
27199,Kurtis,daily,net
26134,Kurtis,daily,net
26616,Kurtis,daily,net
25891,Kurtis,daily,net
27437,Kurtis,daily,net
27348,Kurtis,daily,net
26658,Kurtis,daily,net
27075,Kurtis,daily,net
26130,Kurtis,daily,net
26315,Kurtis,daily,net
27605,Kurtis,daily,net
26097,Kurtis,daily,net
27267,Kurtis,daily,net
26518,Kurtis,daily,net
26912,Kurtis,daily,net
26576,Kurtis,daily,net
27605,Kurtis,daily,net
27263,Kurtis,daily,net
26576,Kurtis,daily,net
27426,Kurtis,daily,net
27263,Kurtis,daily,net
25789,Kurtis,daily,net
27064,Kurtis,daily,net
26080,Kurtis,daily,net
26097,Kurtis,daily,net
25834,Kurtis,daily,net
26669,Kurtis,daily,net
26723,Kurtis,daily,net
27267,Kurtis,daily,net
27605,Kurtis,daily,net
27267,Kurtis,daily,net
28392,Kurtis,daily,net
26720,Kurtis,daily,net
25851,Kurtis,daily,net
26097,Kurtis,daily,net
27348,Kurtis,daily,net
27437,Kurtis,daily,net
27426,Kurtis,daily,net
27075,Kurtis,daily,net
27605,Kurtis,daily,net
26131,Kurtis,daily,net
27535,Kurtis,daily,net
27118,Kurtis,daily,net
27136,Kurtis,daily,net
26720,Kurtis,daily,net
27330,Kurtis,daily,net
27683,Kurtis,daily,net
27064,Kurtis,daily,net
27617,Kurtis,daily,net
26121,Kurtis,daily,net
27437,Kurtis,daily,net
25820,Kurtis,daily,net
27189,Kurtis,daily,net
26986,Kurtis,daily,net
26669,Kurtis,daily,net
27294,Kurtis,daily,net
27189,Kurtis,daily,net
27057,Kurtis,daily,net
28392,Kurtis,daily,net
26510,Kurtis,daily,net
27189,Kurtis,daily,net
26069,Kurtis,daily,net
26616,Kurtis,daily,net
27348,Kurtis,daily,net
25847,Kurtis,daily,net
26669,Kurtis,daily,net
28222,Kurtis,daily,net
25834,Kurtis,daily,net
26962,Kurtis,daily,net
26069,Kurtis,daily,net
26315,Kurtis,daily,net
27371,Kurtis,daily,net
27199,Kurtis,daily,net
26844,Kurtis,daily,net
27267,Kurtis,daily,net
26627,Kurtis,daily,net
28392,Kurtis,daily,net
28392,Kurtis,daily,net
26066,Kurtis,daily,net
27484,Kurtis,daily,net
26080,Kurtis,daily,net
25851,Kurtis,daily,net
26643,Kurtis,daily,net
27357,Kurtis,daily,net
26096,Kurtis,daily,net
26322,Kurtis,daily,net
26988,Kurtis,daily,net
26760,Kurtis,daily,net
28019,Kurtis,daily,net
26512,Kurtis,daily,net
26722,Kurtis,daily,net
27270,Kurtis,daily,net
26061,Kurtis,daily,net
27270,Kurtis,daily,net
26988,Kurtis,daily,net
27270,Kurtis,daily,net
26217,Kurtis,daily,net
26316,Kurtis,daily,net
26722,Kurtis,daily,net
25821,Kurtis,daily,net
26053,Kurtis,daily,net
26621,Kurtis,daily,net
26136,Kurtis,daily,net
27641,Kurtis,daily,net
27390,Kurtis,daily,net
25821,Kurtis,daily,net
28427,Kurtis,daily,net
26991,Kurtis,daily,net
26939,Kurtis,daily,net
27480,Kurtis,daily,net
26098,Kurtis,daily,net
27490,Kurtis,daily,net
26528,Kurtis,daily,net
27357,Kurtis,daily,net
26082,Kurtis,daily,net
28019,Kurtis,daily,net
26643,Kurtis,daily,net
26530,Kurtis,daily,net
26991,Kurtis,daily,net
27370,Kurtis,daily,net
25821,Kurtis,daily,net
28427,Kurtis,daily,net
27469,Kurtis,daily,net
27357,Kurtis,daily,net
25852,Kurtis,daily,net
26316,Kurtis,daily,net
26136,Kurtis,daily,net
28401,Kurtis,daily,net
25836,Kurtis,daily,net
26136,Kurtis,daily,net
26081,Kurtis,daily,net
26760,Kurtis,daily,net
26081,Kurtis,daily,net
25821,Kurtis,daily,net
25821,Kurtis,daily,net
26061,Kurtis,daily,net
26722,Kurtis,daily,net
26322,Kurtis,daily,net
27317,Kurtis,daily,net
27641,Kurtis,daily,net
27270,Kurtis,daily,net
27317,Kurtis,daily,net
27572,Kurtis,daily,net
26512,Kurtis,daily,net
26629,Kurtis,daily,net
27572,Kurtis,daily,net
27270,Kurtis,daily,net
27270,Kurtis,daily,net
26136,Kurtis,daily,net
26082,Kurtis,daily,net
27280,Kurtis,daily,net
26719,Kurtis,daily,net
28019,Kurtis,daily,net
26082,Kurtis,daily,net
26094,Kurtis,daily,net
26991,Kurtis,daily,net
26988,Kurtis,daily,net
25786,Kurtis,daily,net
28364,Kurtis,daily,net
26991,Kurtis,daily,net
27328,Kurtis,daily,net
26625,Kurtis,daily,net
27074,Kurtis,daily,net
26640,Kurtis,daily,net
26058,Kurtis,daily,net
26519,Kurtis,daily,net
27074,Kurtis,daily,net
27622,Kurtis,daily,net
27206,Kurtis,daily,net
27568,Kurtis,daily,net
26193,Kurtis,daily,net
26215,Kurtis,daily,net
27074,Kurtis,daily,net
25848,Kurtis,daily,net
27643,Kurtis,daily,net
26054,Kurtis,daily,net
25850,Kurtis,daily,net
26989,Kurtis,daily,net
27643,Kurtis,daily,net
27622,Kurtis,daily,net
27058,Kurtis,daily,net
27629,Kurtis,daily,net
26989,Kurtis,daily,net
26013,Kurtis,daily,net
26122,Kurtis,daily,net
26640,Kurtis,daily,net
27236,Kurtis,daily,net
26078,Kurtis,daily,net
26989,Kurtis,daily,net
26519,Kurtis,daily,net
26625,Kurtis,daily,net
27347,Kurtis,daily,net
25848,Kurtis,daily,net
25788,Kurtis,daily,net
26248,Kurtis,daily,net
27269,Kurtis,daily,net
26761,Kurtis,daily,net
26248,Kurtis,daily,net
26072,Kurtis,daily,net
26525,Kurtis,daily,net
26519,Kurtis,daily,net
25788,Kurtis,daily,net
26193,Kurtis,daily,net
26525,Kurtis,daily,net
26143,Kurtis,daily,net
27058,Kurtis,daily,net
27236,Kurtis,daily,net
26513,Kurtis,daily,net
27288,Kurtis,daily,net
27135,Kurtis,daily,net
25822,Kurtis,daily,net
27622,Kurtis,daily,net
26514,Kurtis,daily,net
26625,Kurtis,daily,net
26989,Kurtis,daily,net
27347,Kurtis,daily,net
27328,Kurtis,daily,net
25822,Kurtis,daily,net
26625,Kurtis,daily,net
26193,Kurtis,daily,net
27202,Kurtis,daily,net
26594,Kurtis,daily,net
27288,Kurtis,daily,net
27135,Kurtis,daily,net
26580,Kurtis,daily,net
27058,Kurtis,daily,net
26624,Kurtis,daily,net
28499,Kurtis,daily,net
26623,Kurtis,daily,net
27427,Kurtis,daily,net
26143,Kurtis,daily,net
26013,Kurtis,daily,net
25850,Kurtis,daily,net
26715,Kurtis,daily,net
26116,Kurtis,daily,net
27643,Kurtis,daily,net
26724,Kurtis,daily,net
26757,Kurtis,daily,net
27606,Kurtis,daily,net
26757,Kurtis,daily,net
26318,Kurtis,daily,net
26511,Kurtis,daily,net
27673,Kurtis,daily,net
27268,Kurtis,daily,net
26060,Kurtis,daily,net
28437,Kurtis,daily,net
27673,Kurtis,daily,net
26529,Kurtis,daily,net
26522,Kurtis,daily,net
26522,Kurtis,daily,net
27606,Kurtis,daily,net
27466,Kurtis,daily,net
26218,Kurtis,daily,net
26522,Kurtis,daily,net
26628,Kurtis,daily,net
26511,Kurtis,daily,net
26713,Kurtis,daily,net
26247,Kurtis,daily,net
25849,Kurtis,daily,net
26079,Kurtis,daily,net
27673,Kurtis,daily,net
26247,Kurtis,daily,net
27498,Kurtis,daily,net
26060,Kurtis,daily,net
26247,Kurtis,daily,net
26716,Kurtis,daily,net
26843,Kurtis,daily,net
27589,Kurtis,daily,net
27287,Kurtis,daily,net
25797,Kurtis,daily,net
26120,Kurtis,daily,net
27409,Kurtis,daily,net
26511,Kurtis,daily,net
26724,Kurtis,daily,net
26318,Kurtis,daily,net
26716,Kurtis,daily,net
27606,Kurtis,daily,net
26718,Kurtis,daily,net
27498,Kurtis,daily,net
27606,Kurtis,daily,net
26079,Kurtis,daily,net
27062,Kurtis,daily,net
27201,Kurtis,daily,net
27201,Kurtis,daily,net
25797,Kurtis,daily,net
25797,Kurtis,daily,net
26529,Kurtis,daily,net
26511,Kurtis,daily,net
26522,Kurtis,daily,net
27433,Kurtis,daily,net
27287,Kurtis,daily,net
26843,Kurtis,daily,net
27396,Kurtis,daily,net
25971,Kurtis,daily,net
26813,Kurtis,daily,net
26274,Kurtis,daily,net
26181,Kurtis,daily,net
26270,Kurtis,daily,net
26179,Kurtis,daily,net
26174,Kurtis,daily,net
27731,Kurtis,daily,net
27731,Kurtis,daily,net
26812,Kurtis,daily,net
27461,Kurtis,daily,net
25778,Kurtis,daily,net
26181,Kurtis,daily,net
26268,Kurtis,daily,net
26812,Kurtis,daily,net
26756,Kurtis,daily,net
26815,Kurtis,daily,net
27696,Kurtis,daily,net
26255,Kurtis,daily,net
26905,Kurtis,daily,net
25971,Kurtis,daily,net
26815,Kurtis,daily,net
27204,Kurtis,daily,net
27461,Kurtis,daily,net
27696,Kurtis,daily,net
27461,Kurtis,daily,net
25971,Kurtis,daily,net
26270,Kurtis,daily,net
27696,Kurtis,daily,net
25986,Kurtis,daily,net
25778,Kurtis,daily,net
25778,Kurtis,daily,net
26178,Kurtis,daily,net
27461,Kurtis,daily,net
26269,Kurtis,daily,net
26813,Kurtis,daily,net
27696,Kurtis,daily,net
26268,Kurtis,daily,net
26191,Kurtis,daily,net
26463,Kurtis,daily,net
27614,Kurtis,daily,net
26291,Kurtis,daily,net
27614,Kurtis,daily,net
26750,Kurtis,daily,net
26374,Kurtis,daily,net
27614,Kurtis,daily,net
26294,Kurtis,daily,net
26751,Kurtis,daily,net
26494,Kurtis,daily,net
26191,Kurtis,daily,net
27779,Kurtis,daily,net
26751,Kurtis,daily,net
27027,Kurtis,daily,net
26832,Kurtis,daily,net
27779,Kurtis,daily,net
26750,Kurtis,daily,net
26294,Kurtis,daily,net
26742,Kurtis,daily,net
26374,Kurtis,daily,net
27614,Kurtis,daily,net
27558,Kurtis,daily,net
26291,Kurtis,daily,net
26294,Kurtis,daily,net
26296,Kurtis,daily,net
27027,Kurtis,daily,net
26746,Kurtis,daily,net
27558,Kurtis,daily,net
27378,Kurtis,daily,net
26287,Kurtis,daily,net
27378,Kurtis,daily,net
28129,Kurtis,daily,net
26018,Kurtis,daily,net
26287,Kurtis,daily,net
26501,Kurtis,daily,net
26574,Kurtis,daily,net
27634,Kurtis,daily,net
27156,Kurtis,daily,net
26304,Kurtis,daily,net
26095,Kurtis,daily,net
26501,Kurtis,daily,net
27378,Kurtis,daily,net
27566,Kurtis,daily,net
27634,Kurtis,daily,net
26496,Kurtis,daily,net
26018,Kurtis,daily,net
27378,Kurtis,daily,net
26496,Kurtis,daily,net
28129,Kurtis,daily,net
27378,Kurtis,daily,net
28619,Kurtis,daily,net
26496,Kurtis,daily,net
26304,Kurtis,daily,net
28619,Kurtis,daily,net
26052,Kurtis,daily,net
25981,Kurtis,daily,net
26957,Kurtis,daily,net
26509,Kurtis,daily,net
27657,Kurtis,daily,net
26957,Kurtis,daily,net
26957,Kurtis,daily,net
25981,Kurtis,daily,net
26871,Kurtis,daily,net
26950,Kurtis,daily,net
26950,Kurtis,daily,net
27571,Kurtis,daily,net
26361,Kurtis,daily,net
26579,Kurtis,daily,net
25931,Kurtis,daily,net
26957,Kurtis,daily,net
26324,Kurtis,daily,net
26579,Kurtis,daily,net
27516,Kurtis,daily,net
26957,Kurtis,daily,net
26950,Kurtis,daily,net
26361,Kurtis,daily,net
27152,Kurtis,daily,net
27313,Kurtis,daily,net
27155,Kurtis,daily,net
27155,Kurtis,daily,net
26305,Kurtis,daily,net
25879,Kurtis,daily,net
27313,Kurtis,daily,net
27152,Kurtis,daily,net
27152,Kurtis,daily,net
26145,Kurtis,daily,net
26498,Kurtis,daily,net
27313,Kurtis,daily,net
27155,Kurtis,daily,net
26289,Kurtis,daily,net
27595,Kurtis,daily,net
26592,Kurtis,daily,net
26481,Kurtis,daily,net
26481,Kurtis,daily,net
27360,Kurtis,daily,net
26481,Kurtis,daily,net
25985,Kurtis,daily,net
25985,Kurtis,daily,net
26010,Kurtis,daily,net
26194,Kurtis,daily,net
26298,Kurtis,daily,net
26115,Kurtis,daily,net
26298,Kurtis,daily,net
26115,Kurtis,daily,net
26298,Kurtis,daily,net
27456,Kurtis,daily,net
26200,Kurtis,daily,net
27456,Kurtis,daily,net
26108,Kurtis,daily,net
26298,Kurtis,daily,net
25938,Kurtis,daily,net
26285,Kurtis,daily,net
26113,Kurtis,daily,net
26285,Kurtis,daily,net
27456,Kurtis,daily,net
26200,Kurtis,daily,net
26780,Kurtis,daily,net
26780,Kurtis,daily,net
25939,Kurtis,daily,net
25939,Kurtis,daily,net
26279,Kurtis,daily,net
26008,Kurtis,daily,net
25939,Kurtis,daily,net
26279,Kurtis,daily,net
26283,Kurtis,daily,net
26283,Kurtis,daily,net
26780,Kurtis,daily,net
26199,Kurtis,daily,net
26780,Kurtis,daily,net
27454,Kurtis,daily,net
27449,Kurtis,daily,net
26008,Kurtis,daily,net
26112,Kurtis,daily,net
25995,Kurtis,daily,net
26199,Kurtis,daily,net
27449,Kurtis,daily,net
26110,Kurtis,daily,net
26111,Kurtis,daily,net
26009,Kurtis,daily,net
26201,Kurtis,daily,net
26778,Kurtis,daily,net
26778,Kurtis,daily,net
25996,Kurtis,daily,net
26282,Kurtis,daily,net
26009,Kurtis,daily,net
26197,Kurtis,daily,net
25940,Kurtis,daily,net
26201,Kurtis,daily,net
25984,Kurtis,daily,net
26110,Kurtis,daily,net
26110,Kurtis,daily,net
26201,Kurtis,daily,net
26036,Kurtis,daily,net
26111,Kurtis,daily,net
25940,Kurtis,daily,net
26009,Kurtis,daily,net
26303,Kurtis,daily,net
26504,Kurtis,daily,net
26572,Kurtis,daily,net
26147,Kurtis,daily,net
26504,Kurtis,daily,net
26303,Kurtis,daily,net
26020,Kurtis,daily,net
26504,Kurtis,daily,net
26503,Kurtis,daily,net
25877,Kurtis,daily,net
27153,Kurtis,daily,net
26497,Kurtis,daily,net
26303,Kurtis,daily,net
26504,Kurtis,daily,net
26572,Kurtis,daily,net
27312,Kurtis,daily,net
26286,Kurtis,daily,net
26572,Kurtis,daily,net
27312,Kurtis,daily,net
25877,Kurtis,daily,net
25941,Kurtis,daily,net
25941,Kurtis,daily,net
25941,Kurtis,daily,net
26755,Kurtis,daily,net
27443,Kurtis,daily,net
26114,Kurtis,daily,net
26280,Kurtis,daily,net
26026,Kurtis,daily,net
25941,Kurtis,daily,net
26755,Kurtis,daily,net
26109,Kurtis,daily,net
26051,Kurtis,daily,net
26109,Kurtis,daily,net
27455,Kurtis,daily,net
27455,Kurtis,daily,net
26109,Kurtis,daily,net
25997,Kurtis,daily,net
26280,Kurtis,daily,net
26755,Kurtis,daily,net
27455,Kurtis,daily,net
26044,Kurtis,daily,default
27618,Kurtis,daily,default
26421,Kurtis,daily,default
26543,Kurtis,daily,default
26543,Kurtis,daily,default
26421,Kurtis,daily,default
27739,Kurtis,daily,default
27737,Kurtis,daily,default
26602,Kurtis,daily,default
27737,Kurtis,daily,default
25992,Kurtis,daily,default
27737,Kurtis,daily,default
26421,Kurtis,daily,default
26543,Kurtis,daily,default
28442,Kurtis,daily,default
27337,Kurtis,daily,default
27618,Kurtis,daily,default
26044,Kurtis,daily,default
27737,Kurtis,daily,default
26021,Kurtis,daily,net
26288,Kurtis,daily,net
26495,Kurtis,daily,net
26554,Kurtis,daily,net
26483,Kurtis,daily,net
26554,Kurtis,daily,net
26591,Kurtis,daily,net
26146,Kurtis,daily,net
26288,Kurtis,daily,net
27609,Kurtis,daily,net
25888,Kurtis,daily,net
27151,Kurtis,daily,net
27609,Kurtis,daily,net
27151,Kurtis,daily,net
25888,Kurtis,daily,net
26021,Kurtis,daily,net
26502,Kurtis,daily,net
26554,Kurtis,daily,net
26483,Kurtis,daily,net
25810,Kurtis,daily,default
25801,Kurtis,daily,default
25804,Kurtis,daily,default
25795,Kurtis,daily,default
25782,Kurtis,daily,default
25817,Kurtis,daily,default
26569,Kurtis,daily,default
25804,Kurtis,daily,default
26431,Kurtis,daily,default
25810,Kurtis,daily,default
25787,Kurtis,daily,default
25805,Kurtis,daily,default
25817,Kurtis,daily,default
25810,Kurtis,daily,default
25787,Kurtis,daily,default
26569,Kurtis,daily,default
25804,Kurtis,daily,default
25799,Kurtis,daily,default
25916,Kurtis,daily,default
25813,Kurtis,daily,default
25783,Kurtis,daily,default
25794,Kurtis,daily,default
25798,Kurtis,daily,default
25783,Kurtis,daily,default
25934,Kurtis,daily,default
25803,Kurtis,daily,default
25785,Kurtis,daily,default
25809,Kurtis,daily,default
26340,Kurtis,daily,default
26340,Kurtis,daily,default
25785,Kurtis,daily,default
25783,Kurtis,daily,default
25785,Kurtis,daily,default
25813,Kurtis,daily,default
25802,Kurtis,daily,default
25798,Kurtis,daily,default
26340,Kurtis,daily,default
25798,Kurtis,daily,default
25780,Kurtis,daily,default
25812,Kurtis,daily,default
25915,Kurtis,daily,default
25796,Kurtis,daily,default
25816,Kurtis,daily,default
25806,Kurtis,daily,default
25784,Kurtis,daily,default
25784,Kurtis,daily,default
25811,Kurtis,daily,default
25800,Kurtis,daily,default
25915,Kurtis,daily,default
26429,Kurtis,daily,default
26429,Kurtis,daily,default
25807,Kurtis,daily,default
25780,Kurtis,daily,default
25780,Kurtis,daily,default
25811,Kurtis,daily,default
25780,Kurtis,daily,default
26350,Kurtis,daily,default
25831,Kurtis,daily,default
26619,Kurtis,daily,default
26777,Kurtis,daily,default
26188,Kurtis,daily,default
26376,Kurtis,daily,default
27691,Kurtis,daily,default
26777,Kurtis,daily,default
25854,Kurtis,daily,default
25854,Kurtis,daily,default
26777,Kurtis,daily,default
27691,Kurtis,daily,default
26188,Kurtis,daily,default
26619,Kurtis,daily,default
26350,Kurtis,daily,default
26401,Kurtis,daily,net
27017,Kurtis,daily,net
26349,Kurtis,daily,net
25993,Kurtis,daily,net
26349,Kurtis,daily,net
26474,Kurtis,daily,net
26137,Kurtis,daily,net
26467,Kurtis,daily,net
26349,Kurtis,daily,net
27017,Kurtis,daily,net
26474,Kurtis,daily,net
26824,Kurtis,daily,net
26055,Kurtis,daily,net
26474,Kurtis,daily,net
25993,Kurtis,daily,net
25990,Kurtis,daily,net
26634,Kurtis,daily,net
27145,Kurtis,daily,net
26634,Kurtis,daily,net
26175,Kurtis,daily,net
26266,Kurtis,daily,net
26177,Kurtis,daily,net
26001,Kurtis,daily,net
27145,Kurtis,daily,net
26175,Kurtis,daily,net
26175,Kurtis,daily,net
26175,Kurtis,daily,net
26175,Kurtis,daily,net
26266,Kurtis,daily,net
26001,Kurtis,daily,net
26056,Kurtis,daily,net
27702,Kurtis,daily,net
26071,Kurtis,daily,net
26144,Kurtis,daily,net
27702,Kurtis,daily,net
26364,Kurtis,daily,net
26071,Kurtis,daily,net
26071,Kurtis,daily,net
26364,Kurtis,daily,net
27278,Kurtis,daily,net
26144,Kurtis,daily,net
26144,Kurtis,daily,net
27702,Kurtis,daily,net
26290,Kurtis,daily,net
27210,Kurtis,daily,net
26057,Kurtis,daily,net
26360,Kurtis,daily,net
26002,Kurtis,daily,net
25790,Kurtis,daily,net
26352,Kurtis,daily,net
27035,Kurtis,daily,net
28312,Kurtis,daily,net
26057,Kurtis,daily,net
26002,Kurtis,daily,net
27035,Kurtis,daily,net
26067,Kurtis,daily,net
26352,Kurtis,daily,net
26002,Kurtis,daily,net
26057,Kurtis,daily,net
27420,Kurtis,daily,default
26354,Kurtis,daily,default
25957,Kurtis,daily,default
25957,Kurtis,daily,default
25957,Kurtis,daily,default
25792,Kurtis,daily,default
27420,Kurtis,daily,default
25792,Kurtis,daily,default
25792,Kurtis,daily,default
27420,Kurtis,daily,default
26328,Kurtis,daily,default
26336,Kurtis,daily,default
26895,Kurtis,daily,net
26897,Kurtis,daily,net
26477,Kurtis,daily,net
26895,Kurtis,daily,net
26895,Kurtis,daily,net
26902,Kurtis,daily,net
26198,Kurtis,daily,net
26477,Kurtis,daily,net
26896,Kurtis,daily,net
26198,Kurtis,daily,net
26902,Kurtis,daily,net
26599,Kurtis,daily,net
26907,Kurtis,daily,net
26904,Kurtis,daily,net
26907,Kurtis,daily,net
26599,Kurtis,daily,net
26907,Kurtis,daily,net
26907,Kurtis,daily,net
26203,Kurtis,daily,net
26875,Kurtis,daily,net
26203,Kurtis,daily,net
26875,Kurtis,daily,net
28257,Kurtis,daily,net
26607,Kurtis,daily,net
26207,Kurtis,daily,net
26969,Kurtis,daily,net
25791,Kurtis,daily,net
25791,Kurtis,daily,net
26968,Kurtis,daily,net
26207,Kurtis,daily,net
26607,Kurtis,daily,net
26207,Kurtis,daily,net
25865,Kurtis,daily,net
26462,Kurtis,daily,net
26446,Kurtis,daily,net
26446,Kurtis,daily,net
26462,Kurtis,daily,net
26446,Kurtis,daily,net
26630,Kurtis,daily,net
26462,Kurtis,daily,net
25910,Kurtis,daily,net
26630,Kurtis,daily,net
26251,Kurtis,daily,net
27030,Kurtis,daily,default
25974,Kurtis,daily,default
27030,Kurtis,daily,default
27738,Kurtis,daily,default
27325,Kurtis,daily,default
27040,Kurtis,daily,default
27051,Kurtis,daily,default
27051,Kurtis,daily,default
27738,Kurtis,daily,default
27051,Kurtis,daily,default
26603,Kurtis,daily,net
26600,Kurtis,daily,net
26874,Kurtis,daily,net
26913,Kurtis,daily,net
26447,Kurtis,daily,net
26913,Kurtis,daily,net
26874,Kurtis,daily,net
26447,Kurtis,daily,net
26913,Kurtis,daily,net
28426,Kurtis,daily,net
26338,Kurtis,daily,net
25935,Kurtis,daily,net
26938,Kurtis,daily,net
26062,Kurtis,daily,net
27029,Kurtis,daily,net
26938,Kurtis,daily,net
28465,Kurtis,daily,net
25935,Kurtis,daily,net
25935,Kurtis,daily,net
26398,Kurtis,daily,net
25890,Kurtis,daily,default
25936,Kurtis,daily,default
26428,Kurtis,daily,default
26428,Kurtis,daily,default
26353,Kurtis,daily,default
25876,Kurtis,daily,default
25876,Kurtis,daily,default
26353,Kurtis,daily,default
25793,Kurtis,daily,default
25890,Kurtis,daily,default
26007,Kurtis,daily,default
26936,Kurtis,daily,default
26935,Kurtis,daily,default
26007,Kurtis,daily,default
26936,Kurtis,daily,default
27184,Kurtis,daily,default
26936,Kurtis,daily,default
27184,Kurtis,daily,default
26006,Kurtis,daily,default
26006,Kurtis,daily,default
26394,Kurtis,daily,default
25943,Kurtis,daily,default
25873,Kurtis,daily,default
26394,Kurtis,daily,default
26046,Kurtis,daily,default
26142,Kurtis,daily,default
26449,Kurtis,daily,default
26449,Kurtis,daily,default
27489,Kurtis,daily,default
26971,Kurtis,daily,default
25975,Kurtis,daily,default
27489,Kurtis,daily,default
26971,Kurtis,daily,default
26449,Kurtis,daily,default
26396,Kurtis,daily,default
25889,Kurtis,daily,default
26000,Kurtis,daily,default
26649,Kurtis,daily,default
26000,Kurtis,daily,default
26000,Kurtis,daily,default
26387,Kurtis,daily,default
26776,Kurtis,daily,default
26423,Kurtis,daily,default
27352,Kurtis,daily,default
26347,Kurtis,daily,default
26347,Kurtis,daily,default
26736,Kurtis,daily,default
26347,Kurtis,daily,default
27514,Kurtis,daily,default
26347,Kurtis,daily,default
27428,Kurtis,daily,default
26773,Kurtis,daily,default
26773,Kurtis,daily,default
26679,Kurtis,daily,default
27485,Kurtis,daily,default
27485,Kurtis,daily,default
26032,Kurtis,daily,default
27485,Kurtis,daily,default
26626,Kurtis,daily,net
27777,Kurtis,daily,net
26031,Kurtis,daily,net
26012,Kurtis,daily,net
26626,Kurtis,daily,net
26626,Kurtis,daily,net
26030,Kurtis,daily,net
26031,Kurtis,daily,net
26382,Kurtis,daily,default
27014,Kurtis,daily,default
27544,Kurtis,daily,default
25976,Kurtis,daily,default
27014,Kurtis,daily,default
26382,Kurtis,daily,default
25976,Kurtis,daily,default
26384,Kurtis,daily,default
26141,Kurtis,daily,default
26141,Kurtis,daily,default
26384,Kurtis,daily,default
26368,Kurtis,daily,default
25949,Kurtis,daily,default
26141,Kurtis,daily,default
25824,Kurtis,daily,net
25824,Kurtis,daily,net
25869,Kurtis,daily,net
25824,Kurtis,daily,net
25869,Kurtis,daily,net
25869,Kurtis,daily,net
26378,Kurtis,daily,net
27491,Kurtis,daily,net
27497,Kurtis,daily,net
27459,Kurtis,daily,net
27491,Kurtis,daily,net
27491,Kurtis,daily,net
27497,Kurtis,daily,net
27497,Kurtis,daily,net
26451,Kurtis,daily,default
27026,Kurtis,daily,default
28441,Kurtis,daily,default
27026,Kurtis,daily,default
26979,Kurtis,daily,default
26979,Kurtis,daily,default
27026,Kurtis,daily,default
27740,Kurtis,daily,default
27338,Kurtis,daily,default
26539,Kurtis,daily,default
26539,Kurtis,daily,default
26539,Kurtis,daily,default
26325,Kurtis,daily,default
26325,Kurtis,daily,default
26876,Kurtis,daily,net
26876,Kurtis,daily,net
26953,Kurtis,daily,net
26953,Kurtis,daily,net
26953,Kurtis,daily,net
26138,Kurtis,daily,net
26138,Kurtis,daily,net
26163,Kurtis,daily,net
26138,Kurtis,daily,net
26163,Kurtis,daily,net
27631,Kurtis,daily,net
27274,Kurtis,daily,net
27274,Kurtis,daily,net
27274,Kurtis,daily,net
27274,Kurtis,daily,net
26721,Kurtis,daily,default
26373,Kurtis,daily,default
26721,Kurtis,daily,default
28034,Kurtis,daily,default
26249,Kurtis,daily,default
26464,Kurtis,daily,net
26464,Kurtis,daily,net
26464,Kurtis,daily,net
26642,Kurtis,daily,net
26464,Kurtis,daily,net
26667,Kurtis,daily,net
25980,Kurtis,daily,net
26667,Kurtis,daily,net
26930,Kurtis,daily,net
26930,Kurtis,daily,net
26345,Kurtis,daily,default
26542,Kurtis,daily,default
26542,Kurtis,daily,default
26641,Kurtis,daily,default
26641,Kurtis,daily,default
27275,Kurtis,daily,default
26192,Kurtis,daily,default
27623,Kurtis,daily,default
26192,Kurtis,daily,default
27623,Kurtis,daily,default
25978,Kurtis,daily,net
26176,Kurtis,daily,net
26635,Kurtis,daily,net
26176,Kurtis,daily,net
26176,Kurtis,daily,net
26737,Kurtis,daily,default
26737,Kurtis,daily,default
26737,Kurtis,daily,default
27391,Kurtis,daily,default
27621,Kurtis,daily,default
27266,Kurtis,daily,default
27256,Kurtis,daily,default
25948,Kurtis,daily,default
26330,Kurtis,daily,default
25948,Kurtis,daily,default
26331,Kurtis,daily,default
26331,Kurtis,daily,default
25878,Kurtis,daily,default
26327,Kurtis,daily,default
26334,Kurtis,daily,default
25911,Kurtis,daily,default
27186,Kurtis,daily,default
26366,Kurtis,daily,default
27186,Kurtis,daily,default
27542,Kurtis,daily,default
26351,Kurtis,daily,net
26351,Kurtis,daily,net
26351,Kurtis,daily,net
27616,Kurtis,daily,net
25853,Kurtis,daily,net
25989,Kurtis,daily,net
25867,Kurtis,daily,net
25989,Kurtis,daily,net
27479,Kurtis,daily,default
27353,Kurtis,daily,default
27353,Kurtis,daily,default
27479,Kurtis,daily,default
27694,Kurtis,daily,default
26253,Kurtis,daily,default
26253,Kurtis,daily,default
27401,Kurtis,daily,default
26383,Kurtis,daily,default
27392,Kurtis,daily,default
25870,Kurtis,daily,default
26383,Kurtis,daily,default
27208,Kurtis,daily,net
27208,Kurtis,daily,net
27652,Kurtis,daily,net
27208,Kurtis,daily,net
26434,Kurtis,daily,default
26434,Kurtis,daily,default
26434,Kurtis,daily,default
26434,Kurtis,daily,default
27540,Kurtis,party,default
27182,Kurtis,party,default
27182,Kurtis,party,default
27540,Kurtis,party,default
26605,Kurtis,daily,net
26614,Kurtis,daily,net
26605,Kurtis,daily,net
26614,Kurtis,daily,net
26608,Kurtis,party,default
26762,Kurtis,party,default
26762,Kurtis,party,default
27430,Kurtis,party,default
26386,Kurtis,daily,default
26386,Kurtis,daily,default
25942,Kurtis,daily,default
25942,Kurtis,daily,default
27662,Kurtis,daily,default
27687,Kurtis,daily,default
27271,Kurtis,daily,default
27687,Kurtis,daily,default
27728,Kurtis,daily,default
27728,Kurtis,daily,default
26774,Kurtis,daily,default
27366,Kurtis,daily,default
26440,Kurtis,daily,default
27277,Kurtis,daily,default
27277,Kurtis,daily,default
26990,Kurtis,party,net
26400,Kurtis,party,net
26990,Kurtis,party,net
26397,Kurtis,daily,default
27375,Kurtis,daily,default
27375,Kurtis,daily,default
28552,Kurtis,daily,net
28552,Kurtis,daily,net
25856,Kurtis,daily,net
26966,Kurtis,daily,default
26966,Kurtis,daily,default
27207,Kurtis,daily,default
26469,Kurtis,daily,default
26469,Kurtis,daily,default
26469,Kurtis,daily,default
26967,Kurtis,daily,default
26992,Kurtis,daily,default
26992,Kurtis,daily,default
27663,Kurtis,daily,net
26538,Kurtis,daily,net
26538,Kurtis,daily,net
26571,Kurtis,daily,net
27316,Kurtis,daily,net
27316,Kurtis,daily,net
26870,Kurtis,party,default
26577,Kurtis,party,default
26577,Kurtis,party,default
26893,Kurtis,daily,default
26881,Kurtis,daily,default
26881,Kurtis,daily,default
26682,Kurtis,daily,default
26682,Kurtis,daily,default
26682,Kurtis,daily,default
26775,Kurtis,daily,default
26928,Kurtis,daily,default
26775,Kurtis,daily,default
26468,Kurtis,party,net
26468,Kurtis,party,net
26348,Kurtis,party,net
27487,Kurtis,party,net
27487,Kurtis,party,net
28353,Kurtis,party,net
27354,Kurtis,daily,default
27354,Kurtis,daily,default
25994,Kurtis,daily,default
27506,Kurtis,daily,net
27593,Kurtis,daily,net
27593,Kurtis,daily,net
26329,Kurtis,daily,default
27373,Kurtis,daily,default
26329,Kurtis,daily,default
25874,Kurtis,daily,default
27245,Kurtis,daily,default
27245,Kurtis,daily,default
26151,Kurtis,daily,net
28990,Kurtis,daily,net
28990,Kurtis,daily,net
25914,Kurtis,daily,net
27315,Kurtis,daily,net
25914,Kurtis,daily,net
26611,Kurtis,party,net
26611,Kurtis,party,net
26033,Kurtis,party,net
27001,Kurtis,daily,net
27001,Kurtis,daily,net
27001,Kurtis,daily,net
26292,Kurtis,daily,net
26292,Kurtis,daily,net
26748,Kurtis,daily,net
26341,Kurtis,daily,default
25945,Kurtis,daily,default
26341,Kurtis,daily,default
26395,Kurtis,daily,default
26395,Kurtis,daily,default
25947,Kurtis,daily,default
25871,Kurtis,daily,default
26414,Kurtis,daily,default
25871,Kurtis,daily,default
28299,Kurtis,daily,net
27536,Kurtis,daily,net
26899,Kurtis,daily,net
26872,Kurtis,daily,net
26759,Kurtis,party,default
26906,Kurtis,daily,net
28224,Kurtis,party,net
27501,Kurtis,daily,default
26949,Kurtis,daily,net
27276,Kurtis,daily,default
26963,Kurtis,daily,default
27776,Kurtis,party,net
27778,Kurtis,daily,default
27408,Kurtis,party,default
27298,Kurtis,daily,default
27209,Kurtis,daily,net
27318,Kurtis,daily,default
27321,Kurtis,daily,net
27323,Kurtis,daily,default
27537,Kurtis,daily,net
27134,Kurtis,daily,default
27116,Kurtis,daily,default
27350,Kurtis,daily,default
27070,Kurtis,daily,default
27374,Kurtis,daily,default
27647,Kurtis,party,default
27569,Kurtis,party,net
26306,Kurtis,party,net
26688,Kurtis,daily,default
26687,Kurtis,daily,net
26311,Kurtis,daily,net
26254,Kurtis,party,net
26252,Kurtis,daily,net
26245,Kurtis,daily,default
25982,Kurtis,party,net
25977,Kurtis,daily,default
25973,Kurtis,daily,default
25950,Kurtis,daily,default
25933,Kurtis,daily,net
25932,Kurtis,daily,default
25905,Kurtis,daily,net
25887,Kurtis,daily,net
25875,Kurtis,daily,default
25872,Kurtis,daily,default
25868,Kurtis,party,net
25832,Kurtis,daily,net
25825,Kurtis,daily,default
26312,Kurtis,daily,net
26314,Kurtis,daily,net
26335,Kurtis,daily,default
26473,Kurtis,daily,net
26668,Kurtis,party,net
26647,Kurtis,daily,net
26613,Kurtis,daily,net
26596,Kurtis,daily,net
26535,Kurtis,daily,net
26506,Kurtis,daily,default
26486,Kurtis,daily,default
26472,Kurtis,daily,net
26367,Kurtis,daily,default
26471,Kurtis,daily,net
26470,Kurtis,daily,net
26450,Kurtis,daily,default
26444,Kurtis,daily,net
26443,Kurtis,daily,net
26413,Kurtis,party,net
26388,Kurtis,daily,default
28478,Kurtis,daily,net
