id,Category,surface_styling
48842,Women Tshirts,default
48910,Women Tshirts,default
48919,Women Tshirts,default
51265,Women Tshirts,default
50310,Women Tshirts,default
51185,Women Tshirts,default
49502,Women Tshirts,default
49293,Women Tshirts,default
50522,Women Tshirts,default
49534,Women Tshirts,default
48921,Women Tshirts,default
49012,Women Tshirts,default
50601,Women Tshirts,default
49834,Women Tshirts,default
49775,Women Tshirts,default
49994,Women Tshirts,default
44525,Women Tshirts,default
50354,Women Tshirts,default
49469,Women Tshirts,default
49996,Women Tshirts,default
50077,Women Tshirts,default
48871,Women Tshirts,default
50004,Women Tshirts,default
51305,Women Tshirts,default
47290,Women Tshirts,default
49051,Women Tshirts,default
50649,Women Tshirts,default
49669,Women Tshirts,default
48993,Women Tshirts,default
49970,Women Tshirts,default
50584,Women Tshirts,default
50171,Women Tshirts,default
50323,Women Tshirts,default
50413,Women Tshirts,default
50525,Women Tshirts,default
49422,Women Tshirts,default
50164,Women Tshirts,default
51034,Women Tshirts,default
50198,Women Tshirts,default
51088,Women Tshirts,default
49484,Women Tshirts,default
49708,Women Tshirts,default
49354,Women Tshirts,default
51191,Women Tshirts,default
49616,Women Tshirts,default
49737,Women Tshirts,default
50218,Women Tshirts,default
49425,Women Tshirts,default
50928,Women Tshirts,default
49164,Women Tshirts,default
48837,Women Tshirts,default
49400,Women Tshirts,default
48387,Women Tshirts,default
49751,Women Tshirts,default
50684,Women Tshirts,default
49393,Women Tshirts,default
50777,Women Tshirts,default
49635,Women Tshirts,default
51365,Women Tshirts,default
50540,Women Tshirts,default
50294,Women Tshirts,default
49673,Women Tshirts,default
50166,Women Tshirts,default
47396,Women Tshirts,default
50545,Women Tshirts,default
50537,Women Tshirts,default
49108,Women Tshirts,default
50043,Women Tshirts,default
49721,Women Tshirts,default
50455,Women Tshirts,default
50056,Women Tshirts,default
50096,Women Tshirts,default
49441,Women Tshirts,default
48948,Women Tshirts,default
50616,Women Tshirts,default
50352,Women Tshirts,default
49290,Women Tshirts,default
50906,Women Tshirts,default
46954,Women Tshirts,default
44476,Women Tshirts,default
49648,Women Tshirts,default
50914,Women Tshirts,default
50887,Women Tshirts,default
51363,Women Tshirts,default
49281,Women Tshirts,default
51326,Women Tshirts,default
49004,Women Tshirts,default
46098,Women Tshirts,default
49139,Women Tshirts,default
49071,Women Tshirts,default
49877,Women Tshirts,default
50605,Women Tshirts,default
49744,Women Tshirts,default
51192,Women Tshirts,default
51315,Women Tshirts,default
49932,Women Tshirts,default
49222,Women Tshirts,default
49479,Women Tshirts,default
49273,Women Tshirts,default
49460,Women Tshirts,default
46206,Women Tshirts,default
50603,Women Tshirts,default
51275,Women Tshirts,default
49271,Women Tshirts,default
48319,Women Tshirts,default
50209,Women Tshirts,default
51002,Women Tshirts,default
48995,Women Tshirts,default
50163,Women Tshirts,default
50546,Women Tshirts,default
50029,Women Tshirts,default
50512,Women Tshirts,default
49313,Women Tshirts,default
48873,Women Tshirts,default
49545,Women Tshirts,default
50907,Women Tshirts,default
51308,Women Tshirts,default
49573,Women Tshirts,default
49475,Women Tshirts,default
50501,Women Tshirts,default
49787,Women Tshirts,default
50200,Women Tshirts,default
49558,Women Tshirts,default
49408,Women Tshirts,default
49242,Women Tshirts,default
51334,Women Tshirts,default
49020,Women Tshirts,default
49401,Women Tshirts,default
50544,Women Tshirts,default
49762,Women Tshirts,default
50775,Women Tshirts,default
51124,Women Tshirts,default
51286,Women Tshirts,default
49263,Women Tshirts,default
45293,Women Tshirts,default
50837,Women Tshirts,default
50661,Women Tshirts,default
50280,Women Tshirts,default
50755,Women Tshirts,default
48864,Women Tshirts,default
49539,Women Tshirts,default
50107,Women Tshirts,default
49117,Women Tshirts,default
49496,Women Tshirts,default
48378,Women Tshirts,default
50422,Women Tshirts,default
48580,Women Tshirts,default
48854,Women Tshirts,default
50916,Women Tshirts,default
50396,Women Tshirts,default
49681,Women Tshirts,default
51021,Women Tshirts,default
49871,Women Tshirts,default
50263,Women Tshirts,default
50433,Women Tshirts,default
50886,Women Tshirts,default
51050,Women Tshirts,default
49958,Women Tshirts,default
49881,Women Tshirts,default
49396,Women Tshirts,default
50856,Women Tshirts,default
50871,Women Tshirts,default
48966,Women Tshirts,default
50941,Women Tshirts,default
49031,Women Tshirts,default
47218,Women Tshirts,default
48514,Women Tshirts,default
47336,Women Tshirts,default
43901,Women Tshirts,default
44533,Women Tshirts,default
48468,Women Tshirts,default
46959,Women Tshirts,default
46960,Women Tshirts,default
48726,Women Tshirts,default
44871,Women Tshirts,default
43556,Women Tshirts,default
46690,Women Tshirts,default
40619,Women Tshirts,default
47778,Women Tshirts,default
48364,Women Tshirts,default
46122,Women Tshirts,default
42327,Women Tshirts,default
46702,Women Tshirts,default
39858,Women Tshirts,default
48330,Women Tshirts,default
48501,Women Tshirts,default
45313,Women Tshirts,default
45792,Women Tshirts,default
43894,Women Tshirts,default
45234,Women Tshirts,default
44796,Women Tshirts,default
48252,Women Tshirts,default
46151,Women Tshirts,default
48404,Women Tshirts,default
45134,Women Tshirts,default
46427,Women Tshirts,default
48510,Women Tshirts,default
47314,Women Tshirts,default
44022,Women Tshirts,default
43696,Women Tshirts,default
47254,Women Tshirts,default
47553,Women Tshirts,default
46526,Women Tshirts,default
47952,Women Tshirts,default
47125,Women Tshirts,default
41084,Women Tshirts,default
48351,Women Tshirts,default
46503,Women Tshirts,default
42491,Women Tshirts,default
43725,Women Tshirts,default
44179,Women Tshirts,default
46006,Women Tshirts,default
47111,Women Tshirts,default
47944,Women Tshirts,default
47346,Women Tshirts,default
43499,Women Tshirts,default
45092,Women Tshirts,default
47986,Women Tshirts,default
41866,Women Tshirts,default
46803,Women Tshirts,default
42822,Women Tshirts,default
42247,Women Tshirts,default
38310,Women Tshirts,default
48549,Women Tshirts,default
44203,Women Tshirts,default
43733,Women Tshirts,default
47245,Women Tshirts,default
42461,Women Tshirts,default
47244,Women Tshirts,default
45319,Women Tshirts,default
46115,Women Tshirts,default
46938,Women Tshirts,default
47731,Women Tshirts,default
45447,Women Tshirts,default
47185,Women Tshirts,default
46013,Women Tshirts,default
45884,Women Tshirts,default
47387,Women Tshirts,default
45938,Women Tshirts,default
40738,Women Tshirts,default
47589,Women Tshirts,default
46584,Women Tshirts,default
43681,Women Tshirts,default
44157,Women Tshirts,default
48102,Women Tshirts,default
46587,Women Tshirts,default
44727,Women Tshirts,default
43482,Women Tshirts,default
47826,Women Tshirts,default
45694,Women Tshirts,default
48103,Women Tshirts,default
47492,Women Tshirts,default
45486,Women Tshirts,default
47812,Women Tshirts,default
44444,Women Tshirts,default
47703,Women Tshirts,default
45406,Women Tshirts,default
44184,Women Tshirts,default
48079,Women Tshirts,default
44246,Women Tshirts,default
48047,Women Tshirts,default
47549,Women Tshirts,default
47732,Women Tshirts,default
45215,Women Tshirts,default
44255,Women Tshirts,default
45658,Women Tshirts,default
46879,Women Tshirts,default
46861,Women Tshirts,default
46820,Women Tshirts,default
44839,Women Tshirts,default
44849,Women Tshirts,default
48594,Women Tshirts,default
47461,Women Tshirts,default
45655,Women Tshirts,default
46817,Women Tshirts,default
46884,Women Tshirts,default
48343,Women Tshirts,default
47823,Women Tshirts,default
45839,Women Tshirts,default
48562,Women Tshirts,default
43749,Women Tshirts,default
45362,Women Tshirts,default
48794,Women Tshirts,default
46552,Women Tshirts,default
37831,Women Tshirts,default
44712,Women Tshirts,default
43748,Women Tshirts,default
48812,Women Tshirts,default
45524,Women Tshirts,default
46548,Women Tshirts,default
44107,Women Tshirts,default
44722,Women Tshirts,default
41953,Women Tshirts,default
42156,Women Tshirts,default
38040,Women Tshirts,default
42678,Women Tshirts,default
38477,Women Tshirts,default
40652,Women Tshirts,default
38492,Women Tshirts,default
42171,Women Tshirts,default
38921,Women Tshirts,default
42370,Women Tshirts,default
41776,Women Tshirts,default
40892,Women Tshirts,default
42190,Women Tshirts,default
39889,Women Tshirts,default
42903,Women Tshirts,default
37824,Women Tshirts,default
38658,Women Tshirts,default
38705,Women Tshirts,default
42956,Women Tshirts,default
40894,Women Tshirts,default
43123,Women Tshirts,default
39624,Women Tshirts,default
37838,Women Tshirts,default
39263,Women Tshirts,default
38825,Women Tshirts,default
40259,Women Tshirts,default
43071,Women Tshirts,default
41784,Women Tshirts,default
36197,Women Tshirts,default
36861,Women Tshirts,default
35925,Women Tshirts,default
35165,Women Tshirts,default
37756,Women Tshirts,default
37015,Women Tshirts,default
37745,Women Tshirts,default
35946,Women Tshirts,default
36294,Women Tshirts,default
36213,Women Tshirts,default
34868,Women Tshirts,default
36198,Women Tshirts,default
37024,Women Tshirts,default
36948,Women Tshirts,default
36779,Women Tshirts,default
37268,Women Tshirts,default
36299,Women Tshirts,default
36293,Women Tshirts,default
35267,Women Tshirts,default
37388,Women Tshirts,default
37009,Women Tshirts,default
36103,Women Tshirts,default
36010,Women Tshirts,default
37658,Women Tshirts,default
35350,Women Tshirts,default
35131,Women Tshirts,default
37761,Women Tshirts,default
47580,Women Tshirts,default
47627,Women Tshirts,default
47555,Women Tshirts,default
47828,Women Tshirts,default
47219,Women Tshirts,default
46331,Women Tshirts,default
44162,Women Tshirts,default
44531,Women Tshirts,default
47559,Women Tshirts,default
47846,Women Tshirts,default
48231,Women Tshirts,default
46975,Women Tshirts,default
45029,Women Tshirts,default
44083,Women Tshirts,default
46949,Women Tshirts,default
47030,Women Tshirts,default
44253,Women Tshirts,default
44538,Women Tshirts,default
47337,Women Tshirts,default
48023,Women Tshirts,default
43494,Women Tshirts,default
46140,Women Tshirts,default
45640,Women Tshirts,default
45179,Women Tshirts,default
43935,Women Tshirts,default
45501,Women Tshirts,default
46340,Women Tshirts,default
45795,Women Tshirts,default
48535,Women Tshirts,default
45412,Women Tshirts,default
47274,Women Tshirts,default
48320,Women Tshirts,default
44552,Women Tshirts,default
43800,Women Tshirts,default
45948,Women Tshirts,default
44656,Women Tshirts,default
46536,Women Tshirts,default
44385,Women Tshirts,default
43808,Women Tshirts,default
44567,Women Tshirts,default
48209,Women Tshirts,default
48114,Women Tshirts,default
47345,Women Tshirts,default
48279,Women Tshirts,default
48532,Women Tshirts,default
47103,Women Tshirts,default
47604,Women Tshirts,default
43608,Women Tshirts,default
45232,Women Tshirts,default
43759,Women Tshirts,default
46860,Women Tshirts,default
46246,Women Tshirts,default
45306,Women Tshirts,default
40658,Women Tshirts,default
41950,Women Tshirts,default
41726,Women Tshirts,default
38180,Women Tshirts,default
40546,Women Tshirts,default
38975,Women Tshirts,default
40826,Women Tshirts,default
39661,Women Tshirts,default
43037,Women Tshirts,default
39356,Women Tshirts,default
41361,Women Tshirts,default
41699,Women Tshirts,default
40252,Women Tshirts,default
43302,Women Tshirts,default
38800,Women Tshirts,default
40672,Women Tshirts,default
41948,Women Tshirts,default
40728,Women Tshirts,default
43220,Women Tshirts,default
39453,Women Tshirts,default
41284,Women Tshirts,default
42448,Women Tshirts,default
38908,Women Tshirts,default
40116,Women Tshirts,default
39293,Women Tshirts,default
42283,Women Tshirts,default
38520,Women Tshirts,default
38073,Women Tshirts,default
38683,Women Tshirts,default
38990,Women Tshirts,default
41465,Women Tshirts,default
40463,Women Tshirts,default
39284,Women Tshirts,default
43342,Women Tshirts,default
41713,Women Tshirts,default
38195,Women Tshirts,default
42266,Women Tshirts,default
42817,Women Tshirts,default
38069,Women Tshirts,default
38163,Women Tshirts,default
41434,Women Tshirts,default
38665,Women Tshirts,default
41878,Women Tshirts,default
40552,Women Tshirts,default
38806,Women Tshirts,default
42663,Women Tshirts,default
45145,Women Tshirts,default
46704,Women Tshirts,default
46473,Women Tshirts,default
48452,Women Tshirts,default
47172,Women Tshirts,default
48575,Women Tshirts,default
43550,Women Tshirts,default
47057,Women Tshirts,default
46347,Women Tshirts,default
45411,Women Tshirts,default
44320,Women Tshirts,default
45869,Women Tshirts,default
48587,Women Tshirts,default
46807,Women Tshirts,default
47287,Women Tshirts,default
47532,Women Tshirts,default
44106,Women Tshirts,default
45684,Women Tshirts,default
47940,Women Tshirts,default
44425,Women Tshirts,default
42196,Women Tshirts,default
48702,Women Tshirts,default
38678,Women Tshirts,default
41750,Women Tshirts,default
43030,Women Tshirts,default
40331,Women Tshirts,default
39147,Women Tshirts,default
39985,Women Tshirts,default
37947,Women Tshirts,default
42688,Women Tshirts,default
39820,Women Tshirts,default
41757,Women Tshirts,default
40620,Women Tshirts,default
42164,Women Tshirts,default
43391,Women Tshirts,default
38696,Women Tshirts,default
43207,Women Tshirts,default
42952,Women Tshirts,default
38981,Women Tshirts,default
43184,Women Tshirts,default
41579,Women Tshirts,default
38404,Women Tshirts,default
48318,Women Tshirts,default
46228,Women Tshirts,default
43703,Women Tshirts,default
43990,Women Tshirts,default
47236,Women Tshirts,default
48709,Women Tshirts,default
48083,Women Tshirts,default
44202,Women Tshirts,default
47227,Women Tshirts,default
45039,Women Tshirts,default
44389,Women Tshirts,default
47400,Women Tshirts,default
45616,Women Tshirts,default
46612,Women Tshirts,default
37857,Women Tshirts,default
48818,Women Tshirts,default
48282,Women Tshirts,default
45520,Women Tshirts,default
45876,Women Tshirts,default
39886,Women Tshirts,default
40720,Women Tshirts,default
40168,Women Tshirts,default
41167,Women Tshirts,default
39158,Women Tshirts,default
42712,Women Tshirts,default
40192,Women Tshirts,default
40715,Women Tshirts,default
40681,Women Tshirts,default
40676,Women Tshirts,default
42624,Women Tshirts,default
42824,Women Tshirts,default
40195,Women Tshirts,default
40186,Women Tshirts,default
42939,Women Tshirts,default
38871,Women Tshirts,default
40173,Women Tshirts,default
40090,Women Tshirts,default
40029,Women Tshirts,default
39320,Women Tshirts,default
43150,Women Tshirts,default
39033,Women Tshirts,default
42972,Women Tshirts,default
40408,Women Tshirts,default
39677,Women Tshirts,default
39323,Women Tshirts,default
40955,Women Tshirts,default
40249,Women Tshirts,default
40001,Women Tshirts,default
42079,Women Tshirts,default
40852,Women Tshirts,default
40318,Women Tshirts,default
40098,Women Tshirts,default
39241,Women Tshirts,default
40336,Women Tshirts,default
45708,Women Tshirts,default
46318,Women Tshirts,default
47773,Women Tshirts,default
44586,Women Tshirts,default
46082,Women Tshirts,default
45965,Women Tshirts,default
43563,Women Tshirts,default
47255,Women Tshirts,default
38047,Women Tshirts,default
43853,Women Tshirts,default
48263,Women Tshirts,default
43852,Women Tshirts,default
45963,Women Tshirts,default
47858,Women Tshirts,default
47852,Women Tshirts,default
46852,Women Tshirts,default
44787,Women Tshirts,default
46863,Women Tshirts,default
47207,Women Tshirts,default
43540,Women Tshirts,default
40273,Women Tshirts,default
47469,Women Tshirts,default
43850,Women Tshirts,default
47706,Women Tshirts,default
44482,Women Tshirts,default
46218,Women Tshirts,default
44410,Women Tshirts,default
45653,Women Tshirts,default
48193,Women Tshirts,default
45617,Women Tshirts,default
47676,Women Tshirts,default
46834,Women Tshirts,default
37967,Women Tshirts,default
39617,Women Tshirts,default
42916,Women Tshirts,default
40584,Women Tshirts,default
41512,Women Tshirts,default
41769,Women Tshirts,default
42434,Women Tshirts,default
42828,Women Tshirts,default
42188,Women Tshirts,default
40024,Women Tshirts,default
38659,Women Tshirts,default
37912,Women Tshirts,default
39398,Women Tshirts,default
38009,Women Tshirts,default
39790,Women Tshirts,default
41820,Women Tshirts,default
39347,Women Tshirts,default
41761,Women Tshirts,default
38540,Women Tshirts,default
40317,Women Tshirts,default
43368,Women Tshirts,default
38411,Women Tshirts,default
40786,Women Tshirts,default
41387,Women Tshirts,default
41656,Women Tshirts,default
39391,Women Tshirts,default
38261,Women Tshirts,default
42496,Women Tshirts,default
43079,Women Tshirts,default
38876,Women Tshirts,default
38559,Women Tshirts,default
37840,Women Tshirts,default
38704,Women Tshirts,default
42604,Women Tshirts,default
42324,Women Tshirts,default
38288,Women Tshirts,default
41886,Women Tshirts,default
40319,Women Tshirts,default
43319,Women Tshirts,default
38343,Women Tshirts,default
41051,Women Tshirts,default
41332,Women Tshirts,default
38817,Women Tshirts,default
40959,Women Tshirts,default
41261,Women Tshirts,default
40446,Women Tshirts,default
40261,Women Tshirts,default
37842,Women Tshirts,default
47820,Women Tshirts,default
44468,Women Tshirts,default
45167,Women Tshirts,default
46943,Women Tshirts,default
46334,Women Tshirts,default
46250,Women Tshirts,default
48542,Women Tshirts,default
46658,Women Tshirts,default
43984,Women Tshirts,default
47192,Women Tshirts,default
45182,Women Tshirts,default
46924,Women Tshirts,default
45414,Women Tshirts,default
48599,Women Tshirts,default
44771,Women Tshirts,default
43937,Women Tshirts,default
42143,Women Tshirts,default
43308,Women Tshirts,default
41368,Women Tshirts,default
38014,Women Tshirts,default
38378,Women Tshirts,default
39595,Women Tshirts,default
39789,Women Tshirts,default
38509,Women Tshirts,default
39775,Women Tshirts,default
39738,Women Tshirts,default
43459,Women Tshirts,default
40286,Women Tshirts,default
39806,Women Tshirts,default
41123,Women Tshirts,default
39259,Women Tshirts,default
45502,Women Tshirts,default
46423,Women Tshirts,default
45659,Women Tshirts,default
45952,Women Tshirts,default
46808,Women Tshirts,default
42519,Women Tshirts,default
48679,Women Tshirts,default
48516,Women Tshirts,default
45351,Women Tshirts,default
42459,Women Tshirts,default
44054,Women Tshirts,default
43643,Women Tshirts,default
48264,Women Tshirts,default
42046,Women Tshirts,default
38390,Women Tshirts,default
41415,Women Tshirts,default
38679,Women Tshirts,default
38064,Women Tshirts,default
42974,Women Tshirts,default
40267,Women Tshirts,default
40514,Women Tshirts,default
41253,Women Tshirts,default
41286,Women Tshirts,default
38264,Women Tshirts,default
36154,Women Tshirts,default
37127,Women Tshirts,default
35067,Women Tshirts,default
35190,Women Tshirts,default
37158,Women Tshirts,default
36358,Women Tshirts,default
34993,Women Tshirts,default
36245,Women Tshirts,default
35053,Women Tshirts,default
35054,Women Tshirts,default
34995,Women Tshirts,default
42683,Women Tshirts,default
41947,Women Tshirts,default
41946,Women Tshirts,default
40285,Women Tshirts,default
40900,Women Tshirts,default
41236,Women Tshirts,default
40403,Women Tshirts,default
38517,Women Tshirts,default
41945,Women Tshirts,default
39258,Women Tshirts,default
40270,Women Tshirts,default
38488,Women Tshirts,default
42522,Women Tshirts,default
42573,Women Tshirts,default
39094,Women Tshirts,default
40335,Women Tshirts,default
43427,Women Tshirts,default
41556,Women Tshirts,default
40492,Women Tshirts,default
38385,Women Tshirts,default
40117,Women Tshirts,default
42117,Women Tshirts,default
40213,Women Tshirts,default
38731,Women Tshirts,default
40126,Women Tshirts,default
41760,Women Tshirts,default
42347,Women Tshirts,default
38654,Women Tshirts,default
43209,Women Tshirts,default
41481,Women Tshirts,default
41263,Women Tshirts,default
39728,Women Tshirts,default
47920,Women Tshirts,default
44231,Women Tshirts,default
44002,Women Tshirts,default
47879,Women Tshirts,default
47197,Women Tshirts,default
47407,Women Tshirts,default
46610,Women Tshirts,default
47845,Women Tshirts,default
48292,Women Tshirts,default
48265,Women Tshirts,default
42991,Women Tshirts,default
42317,Women Tshirts,default
42988,Women Tshirts,default
42321,Women Tshirts,default
38547,Women Tshirts,default
40139,Women Tshirts,default
42288,Women Tshirts,default
39588,Women Tshirts,default
41337,Women Tshirts,default
37854,Women Tshirts,default
34056,Women Tshirts,default
34048,Women Tshirts,default
34108,Women Tshirts,default
33456,Women Tshirts,default
33128,Women Tshirts,default
34072,Women Tshirts,default
33037,Women Tshirts,default
34448,Women Tshirts,default
33701,Women Tshirts,default
40035,Women Tshirts,default
42213,Women Tshirts,default
40973,Women Tshirts,default
42873,Women Tshirts,default
41955,Women Tshirts,default
39124,Women Tshirts,default
43324,Women Tshirts,default
42511,Women Tshirts,default
42445,Women Tshirts,default
40628,Women Tshirts,default
41393,Women Tshirts,default
38905,Women Tshirts,default
39065,Women Tshirts,default
42114,Women Tshirts,default
40511,Women Tshirts,default
38891,Women Tshirts,default
39408,Women Tshirts,default
36503,Women Tshirts,default
36253,Women Tshirts,default
35570,Women Tshirts,default
34886,Women Tshirts,default
36756,Women Tshirts,default
34732,Women Tshirts,default
35568,Women Tshirts,default
37573,Women Tshirts,default
40863,Women Tshirts,default
41907,Women Tshirts,default
38873,Women Tshirts,default
41876,Women Tshirts,default
42160,Women Tshirts,default
38196,Women Tshirts,default
43104,Women Tshirts,default
38924,Women Tshirts,default
37104,Women Tshirts,default
37077,Women Tshirts,default
35792,Women Tshirts,default
36858,Women Tshirts,default
37801,Women Tshirts,default
35361,Women Tshirts,default
35386,Women Tshirts,default
37488,Women Tshirts,default
36627,Women Tshirts,default
35617,Women Tshirts,default
36666,Women Tshirts,default
37102,Women Tshirts,default
36638,Women Tshirts,default
37090,Women Tshirts,default
36628,Women Tshirts,default
37028,Women Tshirts,default
41104,Women Tshirts,default
41191,Women Tshirts,default
42549,Women Tshirts,default
39019,Women Tshirts,default
38526,Women Tshirts,default
42232,Women Tshirts,default
39515,Women Tshirts,default
38129,Women Tshirts,default
41115,Women Tshirts,default
40833,Women Tshirts,default
39611,Women Tshirts,default
41083,Women Tshirts,default
41346,Women Tshirts,default
41362,Women Tshirts,default
41677,Women Tshirts,default
42044,Women Tshirts,default
48612,Women Tshirts,default
44258,Women Tshirts,default
45330,Women Tshirts,default
45446,Women Tshirts,default
48253,Women Tshirts,default
45609,Women Tshirts,default
47907,Women Tshirts,default
41803,Women Tshirts,default
41992,Women Tshirts,default
38720,Women Tshirts,default
43118,Women Tshirts,default
43120,Women Tshirts,default
41109,Women Tshirts,default
39621,Women Tshirts,default
46659,Women Tshirts,default
47740,Women Tshirts,default
43513,Women Tshirts,default
48784,Women Tshirts,default
48744,Women Tshirts,default
46912,Women Tshirts,default
44900,Women Tshirts,default
48625,Women Tshirts,default
47001,Women Tshirts,default
40732,Women Tshirts,default
47533,Women Tshirts,default
46415,Women Tshirts,default
47590,Women Tshirts,default
47499,Women Tshirts,default
42351,Women Tshirts,default
38635,Women Tshirts,default
40395,Women Tshirts,default
38756,Women Tshirts,default
39380,Women Tshirts,default
41382,Women Tshirts,default
40140,Women Tshirts,default
37401,Women Tshirts,default
34807,Women Tshirts,default
37248,Women Tshirts,default
37622,Women Tshirts,default
37637,Women Tshirts,default
37715,Women Tshirts,default
37619,Women Tshirts,default
39423,Women Tshirts,default
42330,Women Tshirts,default
39042,Women Tshirts,default
38248,Women Tshirts,default
42177,Women Tshirts,default
39939,Women Tshirts,default
38768,Women Tshirts,default
40440,Women Tshirts,default
39950,Women Tshirts,default
41674,Women Tshirts,default
41581,Women Tshirts,default
38965,Women Tshirts,default
40975,Women Tshirts,default
34202,Women Tshirts,default
34216,Women Tshirts,default
33776,Women Tshirts,default
33977,Women Tshirts,default
33827,Women Tshirts,default
33802,Women Tshirts,default
42480,Women Tshirts,default
40729,Women Tshirts,default
43452,Women Tshirts,default
42642,Women Tshirts,default
40232,Women Tshirts,default
38131,Women Tshirts,default
34198,Women Tshirts,default
33001,Women Tshirts,default
33534,Women Tshirts,default
33449,Women Tshirts,default
34486,Women Tshirts,default
34182,Women Tshirts,default
33399,Women Tshirts,default
34578,Women Tshirts,default
34566,Women Tshirts,default
33086,Women Tshirts,default
33111,Women Tshirts,default
34384,Women Tshirts,default
44409,Women Tshirts,default
45924,Women Tshirts,default
46310,Women Tshirts,default
48448,Women Tshirts,default
43532,Women Tshirts,default
48161,Women Tshirts,default
41388,Women Tshirts,default
40761,Women Tshirts,default
42437,Women Tshirts,default
40052,Women Tshirts,default
40185,Women Tshirts,default
40560,Women Tshirts,default
38673,Women Tshirts,default
38408,Women Tshirts,default
39927,Women Tshirts,default
38245,Women Tshirts,default
38889,Women Tshirts,default
36180,Women Tshirts,default
36881,Women Tshirts,default
34991,Women Tshirts,default
37084,Women Tshirts,default
35200,Women Tshirts,default
39526,Women Tshirts,default
39525,Women Tshirts,default
42091,Women Tshirts,default
40952,Women Tshirts,default
39311,Women Tshirts,default
37160,Women Tshirts,default
36335,Women Tshirts,default
36296,Women Tshirts,default
37149,Women Tshirts,default
35999,Women Tshirts,default
35345,Women Tshirts,default
35208,Women Tshirts,default
37185,Women Tshirts,default
37356,Women Tshirts,default
37498,Women Tshirts,default
39747,Women Tshirts,default
41374,Women Tshirts,default
39811,Women Tshirts,default
41024,Women Tshirts,default
43336,Women Tshirts,default
47935,Women Tshirts,default
44997,Women Tshirts,default
47895,Women Tshirts,default
48393,Women Tshirts,default
46289,Women Tshirts,default
33208,Women Tshirts,default
34196,Women Tshirts,default
33569,Women Tshirts,default
34153,Women Tshirts,default
33275,Women Tshirts,default
33068,Women Tshirts,default
33842,Women Tshirts,default
34034,Women Tshirts,default
33996,Women Tshirts,default
34512,Women Tshirts,default
40523,Women Tshirts,default
41597,Women Tshirts,default
38398,Women Tshirts,default
38462,Women Tshirts,default
40521,Women Tshirts,default
44227,Women Tshirts,default
47372,Women Tshirts,default
44077,Women Tshirts,default
44372,Women Tshirts,default
47855,Women Tshirts,default
37261,Women Tshirts,default
37322,Women Tshirts,default
37337,Women Tshirts,default
37560,Women Tshirts,default
35022,Women Tshirts,default
36412,Women Tshirts,default
36138,Women Tshirts,default
36314,Women Tshirts,default
42123,Women Tshirts,default
37960,Women Tshirts,default
40123,Women Tshirts,default
38874,Women Tshirts,default
37196,Women Tshirts,default
34734,Women Tshirts,default
34702,Women Tshirts,default
37443,Women Tshirts,default
39570,Women Tshirts,default
41988,Women Tshirts,default
41931,Women Tshirts,default
40537,Women Tshirts,default
43356,Women Tshirts,default
39823,Women Tshirts,default
42268,Women Tshirts,default
40236,Women Tshirts,default
37462,Women Tshirts,default
37175,Women Tshirts,default
35814,Women Tshirts,default
35308,Women Tshirts,default
37621,Women Tshirts,default
35494,Women Tshirts,default
37491,Women Tshirts,default
34926,Women Tshirts,default
37014,Women Tshirts,default
37066,Women Tshirts,default
37065,Women Tshirts,default
37079,Women Tshirts,default
40393,Women Tshirts,default
41633,Women Tshirts,default
38579,Women Tshirts,default
37811,Women Tshirts,default
36533,Women Tshirts,default
36535,Women Tshirts,default
35489,Women Tshirts,default
36546,Women Tshirts,default
37580,Women Tshirts,default
37578,Women Tshirts,default
36163,Women Tshirts,default
34287,Women Tshirts,default
33998,Women Tshirts,default
33606,Women Tshirts,default
37925,Women Tshirts,default
43251,Women Tshirts,default
42017,Women Tshirts,default
40050,Women Tshirts,default
40069,Women Tshirts,default
40042,Women Tshirts,default
38718,Women Tshirts,default
38161,Women Tshirts,default
38342,Women Tshirts,default
39290,Women Tshirts,default
39415,Women Tshirts,default
41772,Women Tshirts,default
37161,Women Tshirts,default
36247,Women Tshirts,default
36607,Women Tshirts,default
40578,Women Tshirts,default
41545,Women Tshirts,default
40781,Women Tshirts,default
34801,Women Tshirts,default
34936,Women Tshirts,default
36808,Women Tshirts,default
35441,Women Tshirts,default
35993,Women Tshirts,default
35259,Women Tshirts,default
36106,Women Tshirts,default
36574,Women Tshirts,default
36108,Women Tshirts,default
36553,Women Tshirts,default
36274,Women Tshirts,default
37306,Women Tshirts,default
34024,Women Tshirts,default
33151,Women Tshirts,default
33898,Women Tshirts,default
32839,Women Tshirts,default
32840,Women Tshirts,default
32890,Women Tshirts,default
35673,Women Tshirts,default
36131,Women Tshirts,default
35661,Women Tshirts,default
33280,Women Tshirts,default
33213,Women Tshirts,default
34006,Women Tshirts,default
41871,Women Tshirts,default
40773,Women Tshirts,default
40775,Women Tshirts,default
34520,Women Tshirts,default
33567,Women Tshirts,default
34575,Women Tshirts,default
33410,Women Tshirts,default
33813,Women Tshirts,default
33694,Women Tshirts,default
35401,Women Tshirts,default
36229,Women Tshirts,default
36582,Women Tshirts,default
37085,Women Tshirts,default
34763,Women Tshirts,default
36824,Women Tshirts,default
34427,Women Tshirts,default
34292,Women Tshirts,default
33291,Women Tshirts,default
34697,Women Tshirts,default
36668,Women Tshirts,default
35693,Women Tshirts,default
35100,Women Tshirts,default
36113,Women Tshirts,default
35101,Women Tshirts,default
35304,Women Tshirts,default
35151,Women Tshirts,default
37107,Women Tshirts,default
38604,Women Tshirts,default
40919,Women Tshirts,default
42176,Women Tshirts,default
39781,Women Tshirts,default
41999,Women Tshirts,default
42227,Women Tshirts,default
37849,Women Tshirts,default
41242,Women Tshirts,default
36850,Women Tshirts,default
35829,Women Tshirts,default
36885,Women Tshirts,default
36643,Women Tshirts,default
40890,Women Tshirts,default
40835,Women Tshirts,default
35747,Women Tshirts,default
36954,Women Tshirts,default
34794,Women Tshirts,default
36525,Women Tshirts,default
37091,Women Tshirts,default
36345,Women Tshirts,default
36795,Women Tshirts,default
37403,Women Tshirts,default
37825,Women Tshirts,default
37856,Women Tshirts,default
40648,Women Tshirts,default
37844,Women Tshirts,default
42335,Women Tshirts,default
38434,Women Tshirts,default
33616,Women Tshirts,default
33207,Women Tshirts,default
33425,Women Tshirts,default
33411,Women Tshirts,default
34102,Women Tshirts,default
33418,Women Tshirts,default
37590,Women Tshirts,default
35839,Women Tshirts,default
38057,Women Tshirts,default
41449,Women Tshirts,default
39623,Women Tshirts,default
42767,Women Tshirts,default
36828,Women Tshirts,default
37205,Women Tshirts,default
36888,Women Tshirts,default
34986,Women Tshirts,default
35459,Women Tshirts,default
35654,Women Tshirts,default
34862,Women Tshirts,default
34850,Women Tshirts,default
36322,Women Tshirts,default
36273,Women Tshirts,default
39960,Women Tshirts,default
43181,Women Tshirts,default
41900,Women Tshirts,default
38903,Women Tshirts,default
41444,Women Tshirts,default
38481,Women Tshirts,default
44673,Women Tshirts,default
48620,Women Tshirts,default
35369,Women Tshirts,default
35272,Women Tshirts,default
40391,Women Tshirts,default
38425,Women Tshirts,default
36547,Women Tshirts,default
35593,Women Tshirts,default
38638,Women Tshirts,default
43407,Women Tshirts,default
33696,Women Tshirts,default
33031,Women Tshirts,default
37359,Women Tshirts,default
35990,Women Tshirts,default
38966,Women Tshirts,default
40764,Women Tshirts,default
35174,Women Tshirts,default
37143,Women Tshirts,default
36175,Women Tshirts,default
36514,Women Tshirts,default
38735,Women Tshirts,default
42725,Women Tshirts,default
32958,Women Tshirts,default
32744,Women Tshirts,default
34594,Women Tshirts,default
33085,Women Tshirts,default
36995,Women Tshirts,default
35237,Women Tshirts,default
35953,Women Tshirts,default
36291,Women Tshirts,default
34241,Women Tshirts,default
34593,Women Tshirts,default
37482,Women Tshirts,default
34675,Women Tshirts,default
40654,Women Tshirts,default
42731,Women Tshirts,default
34656,Women Tshirts,default
35957,Women Tshirts,default
38495,Women Tshirts,default
37435,Women Tshirts,default
34784,Women Tshirts,default
35194,Women Tshirts,default
35153,Women Tshirts,default
34829,Women Tshirts,default
37719,Women Tshirts,default
33590,Women Tshirts,default
37293,Women Tshirts,default
34229,Women Tshirts,default
42292,Women Tshirts,default
35834,Women Tshirts,default
36368,Women Tshirts,default
37728,Women Tshirts,default
37614,Women Tshirts,default
39713,Women Tshirts,default
42739,Women Tshirts,default
42254,Women Tshirts,default
33226,Women Tshirts,default
34375,Women Tshirts,default
36461,Women Tshirts,default
40489,Women Tshirts,default
36479,Women Tshirts,default
40971,Women Tshirts,default
33546,Women Tshirts,default
34232,Women Tshirts,default
40760,Women Tshirts,default
37283,Women Tshirts,default
42015,Women Tshirts,default
37264,Women Tshirts,default
33850,Women Tshirts,default
37118,Women Tshirts,default
33944,Women Tshirts,default
32951,Women Tshirts,default
34035,Women Tshirts,default
33489,Women Tshirts,default
33066,Women Tshirts,default
32691,Women Tshirts,default
32913,Women Tshirts,default
41358,Women Tshirts,default
35303,Women Tshirts,default
37486,Women Tshirts,default
32757,Women Tshirts,default
33043,Women Tshirts,default
33543,Women Tshirts,default
33976,Women Tshirts,default
32795,Women Tshirts,default
34235,Women Tshirts,default
36199,Women Tshirts,default
40790,Women Tshirts,default
40964,Women Tshirts,default
39224,Women Tshirts,default
34880,Women Tshirts,default
34066,Women Tshirts,default
42553,Women Tshirts,default
42800,Women Tshirts,default
33274,Women Tshirts,default
41334,Women Tshirts,default
32962,Women Tshirts,default
36162,Women Tshirts,default
35720,Women Tshirts,default
35351,Women Tshirts,default
34650,Women Tshirts,default
32690,Women Tshirts,default
42245,Women Tshirts,default
34323,Women Tshirts,default
32833,Women Tshirts,default
37903,Women Tshirts,default
33429,Women Tshirts,default
36617,Women Tshirts,default
38218,Women Tshirts,default
34581,Women Tshirts,default
35940,Women Tshirts,default
35428,Women Tshirts,default
40363,Women Tshirts,default
34547,Women Tshirts,default
33997,Women Tshirts,default
37717,Women Tshirts,default
37172,Women Tshirts,default
37544,Women Tshirts,default
37688,Women Tshirts,default
42064,Women Tshirts,default
41893,Women Tshirts,default
34032,Women Tshirts,default
37308,Women Tshirts,default
43450,Women Tshirts,default
33955,Women Tshirts,default
35810,Women Tshirts,default
33186,Women Tshirts,default
33838,Women Tshirts,default
40792,Women Tshirts,default
33524,Women Tshirts,default
33349,Women Tshirts,default
34894,Women Tshirts,default
34185,Women Tshirts,default
34008,Women Tshirts,default
34110,Women Tshirts,default
36429,Women Tshirts,default
32643,Women Tshirts,default
35786,Women Tshirts,default
34210,Women Tshirts,default
37164,Women Tshirts,default
37612,Women Tshirts,default
36456,Women Tshirts,default
33436,Women Tshirts,default
34380,Women Tshirts,default
32876,Women Tshirts,default
33634,Women Tshirts,default
38943,Women Tshirts,default
34686,Women Tshirts,default
34162,Women Tshirts,default
32797,Women Tshirts,default
40067,Women Tshirts,default
34395,Women Tshirts,default
35188,Women Tshirts,default
34030,Women Tshirts,default
43436,Women Tshirts,default
34528,Women Tshirts,default
34205,Women Tshirts,default
38172,Women Tshirts,default
36581,Women Tshirts,default
35033,Women Tshirts,default
37699,Women Tshirts,default
35070,Women Tshirts,default
36798,Women Tshirts,default
36694,Women Tshirts,default
35481,Women Tshirts,default
32601,Women Tshirts,default
32602,Women Tshirts,default
32604,Women Tshirts,default
32613,Women Tshirts,default
32615,Women Tshirts,default
32616,Women Tshirts,default
32618,Women Tshirts,default
32619,Women Tshirts,default
32621,Women Tshirts,default
32624,Women Tshirts,default
32625,Women Tshirts,default
32626,Women Tshirts,default
32628,Women Tshirts,default
32630,Women Tshirts,default
32632,Women Tshirts,default
32639,Women Tshirts,default
32642,Women Tshirts,default
32644,Women Tshirts,default
32645,Women Tshirts,default
32646,Women Tshirts,default
32647,Women Tshirts,default
32649,Women Tshirts,default
32655,Women Tshirts,default
32659,Women Tshirts,default
32664,Women Tshirts,default
32667,Women Tshirts,default
32676,Women Tshirts,default
32677,Women Tshirts,default
32679,Women Tshirts,default
32681,Women Tshirts,default
32686,Women Tshirts,default
32688,Women Tshirts,default
32689,Women Tshirts,default
32690,Women Tshirts,default
32694,Women Tshirts,default
32697,Women Tshirts,default
32709,Women Tshirts,default
32710,Women Tshirts,default
32712,Women Tshirts,default
32714,Women Tshirts,default
32715,Women Tshirts,default
32718,Women Tshirts,default
32725,Women Tshirts,default
32729,Women Tshirts,default
32745,Women Tshirts,default
32751,Women Tshirts,default
32760,Women Tshirts,default
32786,Women Tshirts,default
32788,Women Tshirts,default
32791,Women Tshirts,default
32792,Women Tshirts,default
32793,Women Tshirts,default
32795,Women Tshirts,default
32798,Women Tshirts,default
32813,Women Tshirts,default
32826,Women Tshirts,default
32843,Women Tshirts,default
32886,Women Tshirts,default
32887,Women Tshirts,default
32894,Women Tshirts,default
32899,Women Tshirts,default
32900,Women Tshirts,default
32901,Women Tshirts,default
32904,Women Tshirts,default
32930,Women Tshirts,default
32932,Women Tshirts,default
32948,Women Tshirts,default
32949,Women Tshirts,default
32966,Women Tshirts,default
32974,Women Tshirts,default
32983,Women Tshirts,default
32984,Women Tshirts,default
32987,Women Tshirts,default
32991,Women Tshirts,default
32999,Women Tshirts,default
33000,Women Tshirts,default
33001,Women Tshirts,default
33002,Women Tshirts,default
33004,Women Tshirts,default
33005,Women Tshirts,default
33008,Women Tshirts,default
33009,Women Tshirts,default
33016,Women Tshirts,default
33017,Women Tshirts,default
33018,Women Tshirts,default
33020,Women Tshirts,default
33021,Women Tshirts,default
33023,Women Tshirts,default
33024,Women Tshirts,default
33025,Women Tshirts,default
33028,Women Tshirts,default
33031,Women Tshirts,default
33035,Women Tshirts,default
33038,Women Tshirts,default
33043,Women Tshirts,default
33046,Women Tshirts,default
33047,Women Tshirts,default
33048,Women Tshirts,default
33062,Women Tshirts,default
33063,Women Tshirts,default
33064,Women Tshirts,default
33066,Women Tshirts,default
33072,Women Tshirts,default
33077,Women Tshirts,default
33080,Women Tshirts,default
33081,Women Tshirts,default
33085,Women Tshirts,default
33087,Women Tshirts,default
33089,Women Tshirts,default
33092,Women Tshirts,default
33094,Women Tshirts,default
33095,Women Tshirts,default
33097,Women Tshirts,default
33099,Women Tshirts,default
33100,Women Tshirts,default
33101,Women Tshirts,default
33103,Women Tshirts,default
33104,Women Tshirts,default
33105,Women Tshirts,default
33107,Women Tshirts,default
33109,Women Tshirts,default
33112,Women Tshirts,default
33116,Women Tshirts,default
33118,Women Tshirts,default
33121,Women Tshirts,default
33123,Women Tshirts,default
33127,Women Tshirts,default
33130,Women Tshirts,default
33131,Women Tshirts,default
33134,Women Tshirts,default
33146,Women Tshirts,default
33147,Women Tshirts,default
33148,Women Tshirts,default
33153,Women Tshirts,default
33155,Women Tshirts,default
33161,Women Tshirts,default
33165,Women Tshirts,default
33171,Women Tshirts,default
33174,Women Tshirts,default
33175,Women Tshirts,default
33176,Women Tshirts,default
33177,Women Tshirts,default
33199,Women Tshirts,default
33200,Women Tshirts,default
33201,Women Tshirts,default
33226,Women Tshirts,default
33228,Women Tshirts,default
33231,Women Tshirts,default
33234,Women Tshirts,default
33260,Women Tshirts,default
33261,Women Tshirts,default
33262,Women Tshirts,default
33271,Women Tshirts,default
33274,Women Tshirts,default
33281,Women Tshirts,default
33286,Women Tshirts,default
33293,Women Tshirts,default
33295,Women Tshirts,default
33296,Women Tshirts,default
33330,Women Tshirts,default
33350,Women Tshirts,default
33361,Women Tshirts,default
33365,Women Tshirts,default
33367,Women Tshirts,default
33373,Women Tshirts,default
33379,Women Tshirts,default
33382,Women Tshirts,default
33393,Women Tshirts,default
33400,Women Tshirts,default
33402,Women Tshirts,default
33407,Women Tshirts,default
33414,Women Tshirts,default
33420,Women Tshirts,default
33421,Women Tshirts,default
33422,Women Tshirts,default
33426,Women Tshirts,default
33460,Women Tshirts,default
33461,Women Tshirts,default
33471,Women Tshirts,default
33475,Women Tshirts,default
33481,Women Tshirts,default
33490,Women Tshirts,default
33497,Women Tshirts,default
33511,Women Tshirts,default
33512,Women Tshirts,default
33516,Women Tshirts,default
33520,Women Tshirts,default
33537,Women Tshirts,default
33539,Women Tshirts,default
33572,Women Tshirts,default
33576,Women Tshirts,default
33581,Women Tshirts,default
33589,Women Tshirts,default
33610,Women Tshirts,default
33627,Women Tshirts,default
33629,Women Tshirts,default
33631,Women Tshirts,default
33635,Women Tshirts,default
33638,Women Tshirts,default
33639,Women Tshirts,default
33657,Women Tshirts,default
33660,Women Tshirts,default
33661,Women Tshirts,default
33711,Women Tshirts,default
33712,Women Tshirts,default
33714,Women Tshirts,default
33728,Women Tshirts,default
33750,Women Tshirts,default
33787,Women Tshirts,default
33797,Women Tshirts,default
33808,Women Tshirts,default
33811,Women Tshirts,default
33834,Women Tshirts,default
33836,Women Tshirts,default
33851,Women Tshirts,default
33852,Women Tshirts,default
33853,Women Tshirts,default
33864,Women Tshirts,default
33866,Women Tshirts,default
33879,Women Tshirts,default
33883,Women Tshirts,default
33894,Women Tshirts,default
33926,Women Tshirts,default
33928,Women Tshirts,default
33940,Women Tshirts,default
33958,Women Tshirts,default
34013,Women Tshirts,default
34031,Women Tshirts,default
34043,Women Tshirts,default
34052,Women Tshirts,default
34055,Women Tshirts,default
34063,Women Tshirts,default
34091,Women Tshirts,default
34120,Women Tshirts,default
34148,Women Tshirts,default
34178,Women Tshirts,default
34233,Women Tshirts,default
34273,Women Tshirts,default
34274,Women Tshirts,default
34290,Women Tshirts,default
34299,Women Tshirts,default
34306,Women Tshirts,default
34314,Women Tshirts,default
34318,Women Tshirts,default
34358,Women Tshirts,default
34361,Women Tshirts,default
34385,Women Tshirts,default
34388,Women Tshirts,default
34400,Women Tshirts,default
34406,Women Tshirts,default
34434,Women Tshirts,default
34438,Women Tshirts,default
34455,Women Tshirts,default
34465,Women Tshirts,default
34524,Women Tshirts,default
34538,Women Tshirts,default
34557,Women Tshirts,default
34597,Women Tshirts,default
34603,Women Tshirts,default
34604,Women Tshirts,default
34606,Women Tshirts,default
34608,Women Tshirts,default
34609,Women Tshirts,default
34610,Women Tshirts,default
34612,Women Tshirts,default
34613,Women Tshirts,default
34614,Women Tshirts,default
34616,Women Tshirts,default
34618,Women Tshirts,default
34619,Women Tshirts,default
34620,Women Tshirts,default
34621,Women Tshirts,default
34622,Women Tshirts,default
34623,Women Tshirts,default
34625,Women Tshirts,default
34626,Women Tshirts,default
34627,Women Tshirts,default
34628,Women Tshirts,default
34630,Women Tshirts,default
34634,Women Tshirts,default
34638,Women Tshirts,default
34639,Women Tshirts,default
34641,Women Tshirts,default
34642,Women Tshirts,default
34648,Women Tshirts,default
34649,Women Tshirts,default
34650,Women Tshirts,default
34652,Women Tshirts,default
34653,Women Tshirts,default
34656,Women Tshirts,default
34657,Women Tshirts,default
34658,Women Tshirts,default
34659,Women Tshirts,default
34667,Women Tshirts,default
34668,Women Tshirts,default
34669,Women Tshirts,default
34670,Women Tshirts,default
34671,Women Tshirts,default
34672,Women Tshirts,default
34673,Women Tshirts,default
34675,Women Tshirts,default
34678,Women Tshirts,default
34679,Women Tshirts,default
34681,Women Tshirts,default
34685,Women Tshirts,default
34689,Women Tshirts,default
34693,Women Tshirts,default
34697,Women Tshirts,default
34698,Women Tshirts,default
34700,Women Tshirts,default
34705,Women Tshirts,default
34708,Women Tshirts,default
34709,Women Tshirts,default
34712,Women Tshirts,default
34713,Women Tshirts,default
34716,Women Tshirts,default
34720,Women Tshirts,default
34728,Women Tshirts,default
34729,Women Tshirts,default
34731,Women Tshirts,default
34742,Women Tshirts,default
34743,Women Tshirts,default
34744,Women Tshirts,default
34749,Women Tshirts,default
34755,Women Tshirts,default
34758,Women Tshirts,default
34759,Women Tshirts,default
34763,Women Tshirts,default
34777,Women Tshirts,default
34781,Women Tshirts,default
34786,Women Tshirts,default
34788,Women Tshirts,default
34789,Women Tshirts,default
34791,Women Tshirts,default
34796,Women Tshirts,default
34797,Women Tshirts,default
34800,Women Tshirts,default
34808,Women Tshirts,default
34809,Women Tshirts,default
34811,Women Tshirts,default
34814,Women Tshirts,default
34820,Women Tshirts,default
34821,Women Tshirts,default
34824,Women Tshirts,default
34825,Women Tshirts,default
34837,Women Tshirts,default
34845,Women Tshirts,default
34849,Women Tshirts,default
34851,Women Tshirts,default
34863,Women Tshirts,default
34872,Women Tshirts,default
34876,Women Tshirts,default
34880,Women Tshirts,default
34881,Women Tshirts,default
34898,Women Tshirts,default
34908,Women Tshirts,default
34912,Women Tshirts,default
34915,Women Tshirts,default
34917,Women Tshirts,default
34952,Women Tshirts,default
34979,Women Tshirts,default
34983,Women Tshirts,default
35028,Women Tshirts,default
35038,Women Tshirts,default
35042,Women Tshirts,default
35064,Women Tshirts,default
35068,Women Tshirts,default
35070,Women Tshirts,default
35080,Women Tshirts,default
35081,Women Tshirts,default
35084,Women Tshirts,default
35088,Women Tshirts,default
35093,Women Tshirts,default
35096,Women Tshirts,default
35097,Women Tshirts,default
35106,Women Tshirts,default
35169,Women Tshirts,default
35179,Women Tshirts,default
35189,Women Tshirts,default
35197,Women Tshirts,default
35198,Women Tshirts,default
35199,Women Tshirts,default
35201,Women Tshirts,default
35224,Women Tshirts,default
35226,Women Tshirts,default
35229,Women Tshirts,default
35230,Women Tshirts,default
35231,Women Tshirts,default
35236,Women Tshirts,default
35244,Women Tshirts,default
35245,Women Tshirts,default
35246,Women Tshirts,default
35251,Women Tshirts,default
35254,Women Tshirts,default
35258,Women Tshirts,default
35272,Women Tshirts,default
35283,Women Tshirts,default
35285,Women Tshirts,default
35291,Women Tshirts,default
35347,Women Tshirts,default
35349,Women Tshirts,default
35354,Women Tshirts,default
35359,Women Tshirts,default
35375,Women Tshirts,default
35376,Women Tshirts,default
35378,Women Tshirts,default
35383,Women Tshirts,default
35389,Women Tshirts,default
35393,Women Tshirts,default
35402,Women Tshirts,default
35405,Women Tshirts,default
35410,Women Tshirts,default
35417,Women Tshirts,default
35425,Women Tshirts,default
35454,Women Tshirts,default
35466,Women Tshirts,default
35469,Women Tshirts,default
35472,Women Tshirts,default
35478,Women Tshirts,default
35481,Women Tshirts,default
35482,Women Tshirts,default
35496,Women Tshirts,default
35499,Women Tshirts,default
35519,Women Tshirts,default
35545,Women Tshirts,default
35547,Women Tshirts,default
35556,Women Tshirts,default
35580,Women Tshirts,default
35581,Women Tshirts,default
35639,Women Tshirts,default
35701,Women Tshirts,default
35719,Women Tshirts,default
35721,Women Tshirts,default
35767,Women Tshirts,default
35774,Women Tshirts,default
35782,Women Tshirts,default
35797,Women Tshirts,default
35812,Women Tshirts,default
35815,Women Tshirts,default
35872,Women Tshirts,default
35874,Women Tshirts,default
35879,Women Tshirts,default
35880,Women Tshirts,default
35881,Women Tshirts,default
35890,Women Tshirts,default
35891,Women Tshirts,default
35892,Women Tshirts,default
35915,Women Tshirts,default
35924,Women Tshirts,default
35940,Women Tshirts,default
35941,Women Tshirts,default
35942,Women Tshirts,default
35997,Women Tshirts,default
36019,Women Tshirts,default
36028,Women Tshirts,default
36088,Women Tshirts,default
36116,Women Tshirts,default
36136,Women Tshirts,default
36140,Women Tshirts,default
36142,Women Tshirts,default
36158,Women Tshirts,default
36181,Women Tshirts,default
36233,Women Tshirts,default
36359,Women Tshirts,default
36370,Women Tshirts,default
36374,Women Tshirts,default
36386,Women Tshirts,default
36437,Women Tshirts,default
36509,Women Tshirts,default
36554,Women Tshirts,default
36600,Women Tshirts,default
36761,Women Tshirts,default
36797,Women Tshirts,default
36806,Women Tshirts,default
36810,Women Tshirts,default
36812,Women Tshirts,default
36814,Women Tshirts,default
36834,Women Tshirts,default
36852,Women Tshirts,default
36893,Women Tshirts,default
36914,Women Tshirts,default
36930,Women Tshirts,default
36932,Women Tshirts,default
36949,Women Tshirts,default
36962,Women Tshirts,default
36988,Women Tshirts,default
37018,Women Tshirts,default
37037,Women Tshirts,default
37105,Women Tshirts,default
37140,Women Tshirts,default
37147,Women Tshirts,default
37194,Women Tshirts,default
37195,Women Tshirts,default
37243,Women Tshirts,default
37294,Women Tshirts,default
37303,Women Tshirts,default
37342,Women Tshirts,default
37355,Women Tshirts,default
37406,Women Tshirts,default
37407,Women Tshirts,default
37426,Women Tshirts,default
37433,Women Tshirts,default
37434,Women Tshirts,default
37479,Women Tshirts,default
37480,Women Tshirts,default
37527,Women Tshirts,default
37598,Women Tshirts,default
37617,Women Tshirts,default
37649,Women Tshirts,default
37688,Women Tshirts,default
37725,Women Tshirts,default
37732,Women Tshirts,default
37748,Women Tshirts,default
37774,Women Tshirts,default
37808,Women Tshirts,default
37810,Women Tshirts,default
37811,Women Tshirts,default
37813,Women Tshirts,default
37815,Women Tshirts,default
37816,Women Tshirts,default
37819,Women Tshirts,default
37820,Women Tshirts,default
37821,Women Tshirts,default
37823,Women Tshirts,default
37824,Women Tshirts,default
37825,Women Tshirts,default
37826,Women Tshirts,default
37828,Women Tshirts,default
37831,Women Tshirts,default
37832,Women Tshirts,default
37834,Women Tshirts,default
37835,Women Tshirts,default
37839,Women Tshirts,default
37840,Women Tshirts,default
37841,Women Tshirts,default
37844,Women Tshirts,default
37847,Women Tshirts,default
37849,Women Tshirts,default
37850,Women Tshirts,default
37852,Women Tshirts,default
37854,Women Tshirts,default
37857,Women Tshirts,default
37859,Women Tshirts,default
37861,Women Tshirts,default
37864,Women Tshirts,default
37866,Women Tshirts,default
37869,Women Tshirts,default
37870,Women Tshirts,default
37874,Women Tshirts,default
37876,Women Tshirts,default
37878,Women Tshirts,default
37881,Women Tshirts,default
37885,Women Tshirts,default
37890,Women Tshirts,default
37893,Women Tshirts,default
37896,Women Tshirts,default
37901,Women Tshirts,default
37903,Women Tshirts,default
37907,Women Tshirts,default
37912,Women Tshirts,default
37913,Women Tshirts,default
37916,Women Tshirts,default
37918,Women Tshirts,default
37919,Women Tshirts,default
37920,Women Tshirts,default
37925,Women Tshirts,default
37935,Women Tshirts,default
37963,Women Tshirts,default
37986,Women Tshirts,default
37989,Women Tshirts,default
37991,Women Tshirts,default
38003,Women Tshirts,default
38005,Women Tshirts,default
38010,Women Tshirts,default
38037,Women Tshirts,default
38038,Women Tshirts,default
38047,Women Tshirts,default
38057,Women Tshirts,default
38060,Women Tshirts,default
38077,Women Tshirts,default
38085,Women Tshirts,default
38110,Women Tshirts,default
38112,Women Tshirts,default
38136,Women Tshirts,default
38139,Women Tshirts,default
38172,Women Tshirts,default
38185,Women Tshirts,default
38218,Women Tshirts,default
38221,Women Tshirts,default
38226,Women Tshirts,default
38232,Women Tshirts,default
38254,Women Tshirts,default
38275,Women Tshirts,default
38325,Women Tshirts,default
38351,Women Tshirts,default
38354,Women Tshirts,default
38368,Women Tshirts,default
38370,Women Tshirts,default
38374,Women Tshirts,default
38386,Women Tshirts,default
38387,Women Tshirts,default
38394,Women Tshirts,default
38398,Women Tshirts,default
38415,Women Tshirts,default
38434,Women Tshirts,default
38458,Women Tshirts,default
38461,Women Tshirts,default
38474,Women Tshirts,default
38476,Women Tshirts,default
38504,Women Tshirts,default
38508,Women Tshirts,default
38512,Women Tshirts,default
38561,Women Tshirts,default
38563,Women Tshirts,default
38568,Women Tshirts,default
38572,Women Tshirts,default
38638,Women Tshirts,default
38670,Women Tshirts,default
38826,Women Tshirts,default
38835,Women Tshirts,default
38836,Women Tshirts,default
38858,Women Tshirts,default
38881,Women Tshirts,default
38936,Women Tshirts,default
39012,Women Tshirts,default
39155,Women Tshirts,default
39233,Women Tshirts,default
39250,Women Tshirts,default
39327,Women Tshirts,default
39346,Women Tshirts,default
39404,Women Tshirts,default
39429,Women Tshirts,default
39540,Women Tshirts,default
39543,Women Tshirts,default
39737,Women Tshirts,default
39902,Women Tshirts,default
40076,Women Tshirts,default
40091,Women Tshirts,default
40273,Women Tshirts,default
40274,Women Tshirts,default
40276,Women Tshirts,default
40277,Women Tshirts,default
40287,Women Tshirts,default
40486,Women Tshirts,default
40601,Women Tshirts,default
40644,Women Tshirts,default
40685,Women Tshirts,default
40698,Women Tshirts,default
40750,Women Tshirts,default
40769,Women Tshirts,default
40912,Women Tshirts,default
40934,Women Tshirts,default
41038,Women Tshirts,default
41375,Women Tshirts,default
41396,Women Tshirts,default
41680,Women Tshirts,default
41801,Women Tshirts,default
41854,Women Tshirts,default
42016,Women Tshirts,default
42125,Women Tshirts,default
42192,Women Tshirts,default
42196,Women Tshirts,default
42365,Women Tshirts,default
42475,Women Tshirts,default
42554,Women Tshirts,default
42606,Women Tshirts,default
42707,Women Tshirts,default
42719,Women Tshirts,default
42739,Women Tshirts,default
43033,Women Tshirts,default
43223,Women Tshirts,default
43303,Women Tshirts,default
43374,Women Tshirts,default
43406,Women Tshirts,default
43467,Women Tshirts,default
43469,Women Tshirts,default
43472,Women Tshirts,default
43475,Women Tshirts,default
43476,Women Tshirts,default
43477,Women Tshirts,default
43479,Women Tshirts,default
43481,Women Tshirts,default
43488,Women Tshirts,default
43489,Women Tshirts,default
43491,Women Tshirts,default
43499,Women Tshirts,default
43505,Women Tshirts,default
43510,Women Tshirts,default
43520,Women Tshirts,default
43524,Women Tshirts,default
43532,Women Tshirts,default
43565,Women Tshirts,default
43592,Women Tshirts,default
43621,Women Tshirts,default
43625,Women Tshirts,default
43776,Women Tshirts,default
44120,Women Tshirts,default
46229,Women Tshirts,applique
47411,Women Tshirts,default
48299,Women Tshirts,applique
48820,Women Tshirts,default
48825,Women Tshirts,default
